Date,Day,Total Units,00:30,01:00,01:30,02:00,02:30,03:00,03:30,04:00,04:30,05:00,05:30,06:00,06:30,07:00,07:30,08:00,08:30,09:00,09:30,10:00,10:30,11:00,11:30,12:00,12:30,13:00,13:30,14:00,14:30,15:00,15:30,16:00,16:30,17:00,17:30,18:00,18:30,19:00,19:30,20:00,20:30,21:00,21:30,22:00,22:30,23:00,23:30,24:00:00
01/01/2016,Fri,"26,644",607,735,533,71,68,72,72,71,71,63,62,64,62,68,186,422,651,945,899,809,692,493,714,720,850,905,707,660,522,572,691,992,986,693,725,470,653,644,866,799,759,612,528,612,788,874,941,645
02/01/2016,Sat,"33,200",366,416,228,59,58,57,54,54,57,57,258,800,812,814,831,692,811,915,905,896,804,832,743,890,855,942,994,854,683,779,867,922,809,850,865,779,796,790,990,915,964,851,934,891,819,838,950,854
03/01/2016,Sun,"20,024",659,588,203,152,101,89,90,89,90,90,90,91,173,374,495,593,563,448,541,487,511,482,514,545,467,605,515,540,517,492,418,594,494,459,493,468,485,459,540,477,543,439,513,475,566,560,659,188
04/01/2016,Mon,"40,855",439,523,521,470,177,136,89,90,96,96,188,782,1217,1152,1237,1089,915,783,713,1392,1520,1078,908,836,723,988,851,915,761,895,842,882,945,745,1263,1554,1229,1232,1115,1402,1437,1242,903,919,817,884,963,901
05/01/2016,Tue,"40,559",551,639,215,155,107,92,87,73,76,86,163,781,1118,1155,1306,1219,813,725,1231,1736,1126,954,888,904,835,868,789,861,876,849,850,964,631,1053,1191,1583,1162,1108,1219,1247,1172,1327,1193,914,884,921,938,924
06/01/2016,Wed,"41,184",426,547,197,163,100,89,81,77,76,80,166,819,937,1327,1071,1117,927,961,1329,1660,1215,881,790,965,897,927,869,857,882,950,1010,1065,892,879,1242,1526,1190,1315,1200,1332,1329,1267,1156,921,822,937,999,719
07/01/2016,Thu,"42,061",522,517,204,159,98,78,69,72,72,94,187,813,1098,1206,1141,1074,983,971,1223,1491,1141,960,847,964,909,901,947,957,948,950,889,989,818,1076,1287,1627,1186,1289,1317,1155,1462,1441,1128,907,986,934,1046,928
08/01/2016,Fri,"42,449",455,578,244,195,109,86,84,85,98,112,226,918,1113,1267,1208,1243,1064,1085,1301,1687,1233,980,855,1008,909,874,953,866,866,897,943,989,877,818,1325,1583,1165,1279,1234,1304,1514,1199,958,945,888,1041,951,837
09/01/2016,Sat,"35,959",667,724,576,61,63,66,65,67,67,67,235,790,884,732,935,826,859,903,937,915,908,879,850,967,812,872,856,1027,900,976,832,994,750,803,890,927,965,889,952,971,951,1033,956,983,895,988,922,772
10/01/2016,Sun,"20,182",876,584,182,156,107,97,96,101,101,99,99,102,190,402,557,526,613,433,517,474,569,445,549,453,489,506,482,498,452,508,459,532,490,498,480,524,481,564,480,557,504,499,502,500,380,624,596,249
11/01/2016,Mon,"39,485",396,224,150,106,102,99,95,83,91,100,187,812,1058,1217,1102,1178,918,935,1339,1652,1149,967,858,933,892,919,814,674,709,558,728,930,938,934,1354,1571,1113,714,1065,1476,1333,1294,1070,913,918,857,988,972
12/01/2016,Tue,"41,822",676,621,215,171,98,87,86,88,88,85,172,951,1200,1218,1160,1170,962,956,1314,1526,1301,870,757,904,831,895,878,893,827,964,848,901,881,979,1287,1606,1191,1217,1248,1209,1543,1350,1006,831,883,948,940,990
13/01/2016,Wed,"43,346",660,578,221,153,104,95,95,95,96,97,173,936,1179,1335,1211,1215,1009,1091,1393,1656,1285,923,814,952,747,936,848,966,852,927,931,950,981,990,1372,1628,1315,1393,1272,1364,1415,1241,1239,971,869,811,981,981
14/01/2016,Thu,"44,308",653,650,256,173,99,86,84,86,88,88,209,925,1117,1312,1253,1241,898,893,1482,1704,1226,943,761,1072,889,911,957,859,1010,995,843,1024,975,946,1348,1752,1331,1361,1361,1413,1433,1365,1234,949,963,1097,1040,953
15/01/2016,Fri,"44,143",720,644,216,158,105,91,90,91,101,106,157,900,1237,1241,1260,1222,1002,1081,1253,1520,1325,1065,785,972,903,920,950,880,943,998,924,932,973,940,1369,1776,1225,1403,1471,1417,1526,1212,1109,969,1041,973,987,960
16/01/2016,Sat,"32,836",666,659,574,209,99,99,99,97,92,92,162,572,680,692,557,957,1153,857,972,885,667,622,961,919,865,788,1019,991,593,782,748,890,990,827,735,840,766,857,798,881,881,789,941,762,534,611,717,889
17/01/2016,Sun,"27,034",827,764,790,255,157,87,73,72,73,72,72,73,71,74,165,327,688,785,827,653,479,692,851,857,712,695,785,670,559,769,778,818,713,720,754,757,528,677,819,833,773,656,859,634,536,739,727,739
18/01/2016,Mon,"42,639",598,553,575,357,59,57,56,57,56,56,213,748,827,1040,1189,1271,935,1098,1301,1544,1271,1010,896,811,922,980,921,869,887,935,821,1006,870,822,1334,1541,1204,901,1303,1791,1663,1393,1263,836,790,814,1077,1118
19/01/2016,Tue,"44,102",729,349,163,113,72,72,70,71,71,79,150,982,1256,1163,1370,1303,1124,1037,1416,1381,1518,1195,1010,984,925,967,861,942,976,930,912,934,944,1016,1355,1719,1217,1408,1320,1238,1077,874,1614,1181,1056,1014,993,951
20/01/2016,Wed,"44,052",842,508,83,66,56,56,55,56,55,55,207,981,1281,1267,1311,1232,1216,1067,1447,1683,1351,895,956,949,919,949,945,687,927,889,924,915,927,897,1363,1642,1310,1400,1347,1469,1517,1415,1027,1095,834,863,1066,1050
21/01/2016,Thu,"36,892",746,432,160,128,73,73,74,72,73,74,189,164,151,140,161,459,791,869,1174,1324,1219,924,795,1056,972,897,867,824,910,911,956,968,986,960,1290,1516,1237,1293,1277,1293,1537,1206,1058,927,990,879,934,883
22/01/2016,Fri,"42,414",750,367,121,102,69,68,67,70,68,81,170,884,1105,1080,1215,1189,972,923,1333,1573,1259,1277,1131,1027,956,1336,1044,862,1070,1052,932,868,945,963,1269,1593,1162,1358,1062,1142,1522,1220,961,832,852,1048,689,775
23/01/2016,Sat,"27,809",877,723,620,77,72,68,71,71,74,79,182,737,603,609,529,797,764,503,740,770,734,671,608,676,566,578,735,816,635,674,635,619,624,544,599,775,808,616,675,910,648,497,648,868,728,617,663,676
24/01/2016,Sun,"29,640",664,438,491,113,107,77,77,74,76,74,75,77,73,74,154,324,799,829,782,883,806,827,779,808,764,822,822,866,789,943,822,859,816,896,814,922,827,839,881,801,803,924,899,846,843,813,829,719
25/01/2016,Mon,"42,089",644,528,632,339,56,58,58,59,58,61,224,914,993,1135,1188,962,976,819,1506,1411,1319,1119,940,949,868,1058,1121,819,985,1146,1017,908,794,963,1251,1494,1225,1246,1134,1213,1326,1154,1024,969,832,875,919,800
26/01/2016,Tue,"42,747",732,717,545,74,74,73,75,74,76,71,270,721,1218,1054,1174,1076,889,956,1247,1485,1342,1286,958,863,923,1049,1069,874,1037,1036,1090,973,902,887,1317,1563,1258,1183,1177,1189,1570,1340,980,970,757,901,883,769
27/01/2016,Wed,"42,532",674,674,535,71,73,73,74,75,77,79,320,732,1095,1071,1210,1001,881,904,1292,1517,1165,1270,1070,933,1053,1236,1006,698,1061,932,1070,1075,839,896,1253,1546,1138,1188,1097,1296,1523,1183,1026,968,864,1024,858,836
28/01/2016,Thu,"43,188",705,716,583,77,73,74,71,79,84,90,269,841,1182,1140,1353,1251,1044,1076,1367,1657,1550,1279,1045,922,1144,1088,898,845,938,1199,796,971,893,961,1330,1610,1153,916,718,1240,1642,1303,1084,730,743,877,862,719
29/01/2016,Fri,"40,053",678,824,630,74,74,70,69,69,67,75,123,328,1275,1209,1251,1247,924,908,1377,1527,1096,950,843,801,875,704,780,992,794,867,763,928,865,875,1278,1509,1075,1213,1131,1224,1230,1049,1048,847,865,889,871,892
30/01/2016,Sat,"34,298",760,502,719,97,68,68,69,65,64,71,92,861,852,798,821,819,825,855,889,958,832,933,736,572,866,1029,1035,885,922,872,699,660,856,919,702,817,951,957,899,844,924,949,847,855,717,826,1100,841
31/01/2016,Sun,"29,315",808,944,726,386,68,60,59,60,62,61,61,59,58,65,237,351,725,887,850,906,661,705,908,884,857,834,888,832,688,709,749,868,812,803,806,757,693,635,898,866,842,870,761,785,646,663,756,706
01/02/2016,Mon,"40,694",707,608,509,343,59,57,58,59,57,59,138,633,1362,1062,1034,1128,722,1065,1207,1479,1190,918,776,955,858,869,867,816,854,818,860,928,846,856,1271,1486,1149,1199,1194,1243,1523,1159,1027,948,924,874,1000,940
02/02/2016,Tue,"41,068",687,742,483,41,42,42,43,46,46,47,213,792,1113,1218,1103,1033,939,954,1267,1565,1151,978,917,847,877,875,887,817,781,851,819,896,901,950,1220,1478,1204,1307,1230,1387,1342,1300,932,954,860,934,979,978
03/02/2016,Wed,"43,008",639,619,447,88,59,59,59,62,66,81,182,923,1183,1297,1285,1257,982,1034,1373,1688,1209,1001,890,899,956,934,898,819,876,915,795,965,899,929,1336,1504,1053,1382,1226,1367,1490,1269,1120,965,880,1038,1036,974
04/02/2016,Thu,"39,767",621,672,532,46,43,44,45,45,56,57,200,818,1133,993,1161,1164,886,937,1300,1411,1300,858,742,1066,809,818,809,843,838,821,809,940,934,830,1182,1404,1181,1286,1191,1166,1303,1238,942,805,855,942,903,788
05/02/2016,Fri,"40,801",729,675,483,41,44,46,42,41,43,51,204,822,1099,961,1252,1125,895,929,1282,1519,1236,820,916,840,980,875,911,883,833,936,835,918,932,838,1321,1577,1128,1171,1146,1319,1301,1132,1015,977,924,910,960,884
06/02/2016,Sat,"34,112",673,681,515,49,49,49,51,51,61,62,250,757,737,898,919,828,814,896,813,823,932,874,887,905,804,669,670,612,774,897,854,859,829,894,820,928,876,950,816,1026,884,942,994,881,918,832,986,823
07/02/2016,Sun,"29,437",770,763,277,120,80,72,72,72,70,69,61,61,68,77,145,429,596,783,859,854,902,846,824,792,781,805,804,810,838,821,799,863,833,805,751,831,794,813,906,917,876,833,841,736,945,817,848,708
08/02/2016,Mon,"34,465",679,623,537,326,53,54,56,55,55,57,156,915,1191,1246,1156,1133,977,924,1300,1523,1242,972,831,656,345,356,329,130,103,651,640,548,641,707,542,258,547,1127,1243,1247,1417,1263,1002,909,863,1007,1009,864
09/02/2016,Tue,"42,998",743,698,599,46,42,42,40,40,40,47,257,842,1102,1151,1284,1243,1032,1042,1460,1558,1214,990,910,932,913,711,999,868,848,1026,787,939,860,923,1364,1580,1212,1310,1232,1309,1473,1378,1102,948,875,972,1037,978
10/02/2016,Wed,"42,178",687,672,504,47,46,44,45,44,39,39,150,966,1230,1051,1253,1129,894,945,1386,1634,1193,936,859,930,863,941,799,895,882,949,777,961,847,986,1211,1571,1280,1221,1378,1292,1482,1182,1196,817,954,998,1016,957
11/02/2016,Thu,"43,274",807,801,275,374,222,45,42,41,42,42,148,812,1242,1067,1310,1363,970,1080,1350,1599,1260,931,935,979,826,893,882,837,911,928,891,907,893,930,1330,1652,1214,1189,1194,1334,1333,1486,1122,911,960,1026,1018,870
12/02/2016,Fri,"36,735",660,694,558,102,42,41,45,47,43,50,251,513,503,279,295,314,233,731,1041,1198,998,863,836,982,835,998,637,775,1054,979,841,1022,925,946,1251,1698,1172,1332,1218,1324,1396,1283,1090,919,927,956,1022,816
13/02/2016,Sat,"35,651",792,725,573,57,42,40,40,41,41,43,272,838,696,860,660,823,1113,938,921,848,1005,832,895,984,929,891,811,987,956,896,952,878,986,920,858,766,577,861,1206,972,956,955,859,909,870,894,878,805
14/02/2016,Sun,"30,596",799,787,689,200,130,78,67,67,66,66,73,77,74,84,153,387,900,826,920,870,846,823,887,805,873,815,778,894,748,507,512,913,874,891,827,930,871,885,777,911,926,864,847,947,948,880,858,646
15/02/2016,Mon,"43,893",716,634,641,325,78,77,65,62,66,68,261,884,1209,1129,1302,1260,969,1002,1361,1807,1296,962,875,911,907,892,935,832,977,918,945,930,898,912,1276,1573,1216,1304,1239,1377,1573,1220,1166,996,900,982,1013,952
16/02/2016,Tue,"43,104",569,438,216,147,99,91,92,91,104,120,235,950,1196,1288,1292,1156,1020,997,1412,1782,1250,906,870,892,852,857,995,851,832,963,844,1004,882,999,1292,1518,1165,1386,1268,1387,1480,1278,1134,949,912,847,1210,986
17/02/2016,Wed,"42,748",490,430,180,114,80,79,79,68,68,89,183,920,1147,1240,1283,1239,920,953,1393,1647,1239,1006,859,970,910,989,890,885,908,1024,808,891,999,1055,1331,1596,1191,1123,1380,1259,1372,1501,1207,916,878,976,1051,932
18/02/2016,Thu,"42,112",486,406,180,119,92,86,80,66,72,84,177,902,1123,1141,1260,1171,1001,938,1219,1605,1294,963,946,901,876,841,906,846,929,884,937,894,902,902,1393,1524,1252,1383,1280,1245,1535,1275,1116,992,907,1071,1008,902
19/02/2016,Fri,"32,695",664,437,186,126,87,81,65,66,76,101,210,919,1288,1303,1410,1166,1029,924,1423,1671,1135,860,859,747,641,600,626,421,168,70,61,64,189,409,756,995,649,841,1082,1206,1311,919,674,790,847,850,983,710
20/02/2016,Sat,"32,049",554,804,550,54,42,41,42,40,39,42,252,748,913,840,940,770,822,721,816,915,855,876,757,845,661,902,734,986,897,782,792,747,784,884,825,909,766,788,508,298,405,971,1251,755,813,672,774,867
21/02/2016,Sun,"3,810",616,613,593,154,51,51,53,50,50,49,50,41,40,41,40,41,41,39,39,40,39,41,41,40,39,40,38,39,39,38,39,39,41,39,39,41,40,39,40,40,40,40,41,42,42,42,41,39
22/02/2016,Mon,"39,488",40,41,41,41,43,42,43,41,42,44,178,828,1072,1071,1289,976,1062,931,1252,1612,1132,982,883,940,918,801,880,824,862,905,874,978,918,937,1209,1548,1209,1251,1186,1304,1421,1260,996,929,958,873,973,848
23/02/2016,Tue,"34,702",362,122,40,40,40,40,40,42,40,41,243,628,673,515,802,554,486,498,697,726,513,614,612,880,924,844,918,850,847,878,773,881,859,929,1327,1639,1112,1343,1349,1242,1470,1325,1103,1007,1021,951,996,866
24/02/2016,Wed,"42,134",390,77,56,60,53,49,47,49,46,51,278,881,1219,1355,1305,1260,1037,1026,1498,1614,1215,900,899,798,938,907,893,799,970,816,940,874,872,917,1361,1615,1192,1377,1236,1461,1477,1266,1209,898,994,1006,1042,911
25/02/2016,Thu,"43,942",497,70,45,45,53,50,46,43,43,47,265,961,1210,1352,1330,1214,1053,1000,1452,1226,1314,919,1341,956,1251,1069,1083,947,1194,1195,970,887,900,983,1343,1609,1254,1344,1360,1188,1303,1379,1148,998,950,941,1092,1022
26/02/2016,Fri,"42,506",410,85,54,55,46,43,44,53,50,50,246,980,1147,1183,1237,1231,1040,991,1443,1619,1351,985,1103,963,955,1226,1119,894,995,1114,780,868,873,965,1280,1663,1183,1407,1215,1381,1250,1288,1037,835,894,899,1067,909
27/02/2016,Sat,"33,620",664,653,739,50,41,40,40,40,41,40,56,259,322,593,701,498,666,782,642,742,711,655,658,683,853,1104,1121,1101,1490,1493,1473,1375,827,659,584,496,644,628,590,976,1472,1412,1092,1149,749,619,723,674
28/02/2016,Sun,"2,466",384,372,198,1,0,0,0,0,0,0,0,30,41,40,41,41,42,41,42,42,42,42,40,41,39,40,41,39,41,40,41,41,41,40,41,40,41,41,42,42,42,42,42,42,43,42,42,41
29/02/2016,Mon,"41,375",42,42,41,44,51,52,53,57,65,69,251,1074,1157,1428,1388,1251,991,1081,1342,1499,1293,1072,1242,863,783,951,1094,935,928,1104,960,851,792,933,1241,1672,1110,1271,1183,1195,1304,1229,1053,869,828,854,905,882
01/03/2016,Tue,"41,236",599,240,58,53,52,53,51,51,54,58,271,860,1219,1126,1323,1038,890,870,1316,1541,1443,1149,1068,911,971,918,1052,741,1058,1167,809,789,877,850,1318,1530,1158,1114,1178,1337,1299,1150,1059,911,923,859,995,879
02/03/2016,Wed,"43,980",563,142,46,47,43,43,41,41,41,40,240,921,1197,1241,1264,1224,981,1029,1356,1709,1306,1368,1295,1001,1063,1208,1149,917,1060,1134,1013,928,903,1015,1374,1669,1295,1199,1298,1202,1344,1253,1105,956,954,879,1013,870
03/03/2016,Thu,"40,648",550,143,50,42,41,42,41,42,41,44,250,915,1220,1313,1296,1197,948,949,1264,1530,1239,941,850,993,894,781,832,929,870,905,898,902,884,913,1310,1542,1108,1312,1164,1291,1380,1304,972,816,942,665,1068,1025
04/03/2016,Fri,"41,744",612,127,43,44,43,43,43,43,41,41,219,915,1245,1130,1338,1214,984,1064,1143,1712,1250,981,951,885,931,864,912,792,909,919,858,934,838,966,1272,1641,1047,1300,1311,1353,1540,1224,1175,983,944,999,1041,880
05/03/2016,Sat,"35,842",715,769,608,65,51,72,66,72,69,67,222,934,992,953,907,971,889,907,859,967,882,879,917,855,919,876,841,859,846,895,980,861,938,745,998,809,837,909,824,902,951,954,803,864,914,897,854,878
06/03/2016,Sun,"32,179",749,807,718,213,69,64,66,69,69,68,66,62,53,61,276,600,714,1106,756,1050,697,1026,705,960,654,908,697,1054,653,1015,679,1098,699,1087,783,1083,686,955,750,1024,789,1087,771,1134,759,1119,954,717
07/03/2016,Mon,"44,201",786,727,597,71,65,61,62,64,63,65,190,934,1300,1267,1249,1123,1072,980,1478,1599,1249,896,1041,947,893,895,950,832,957,793,758,1052,926,1019,1314,1506,1168,1378,1367,1397,1500,1418,1142,969,948,1003,1128,1002
08/03/2016,Tue,"42,192",639,801,648,82,78,70,76,79,69,72,229,973,1348,1249,1188,1138,934,950,1514,1487,1298,1033,813,920,834,844,880,828,817,857,909,850,926,974,1226,1559,1112,1260,1175,1267,1401,1260,1096,877,871,784,1017,880
09/03/2016,Wed,"42,790",591,737,589,51,45,47,53,50,48,50,248,644,1409,1027,1389,1133,934,992,1251,1646,1257,868,895,935,910,926,859,925,941,894,909,870,942,884,1320,1684,1339,1200,1279,1251,1471,1322,1036,1008,925,932,1013,1061
10/03/2016,Thu,"42,159",677,733,535,51,40,41,45,44,44,44,264,881,1127,1243,1111,1111,941,900,1339,1647,1168,911,861,867,869,908,975,1123,1143,917,903,869,944,918,1222,1577,1226,1250,1214,1277,1449,1234,1028,798,885,887,972,946
11/03/2016,Fri,"42,284",796,622,699,65,44,44,42,43,45,54,254,922,1231,1235,1278,1147,955,911,1424,1567,1257,896,867,972,768,961,845,834,818,843,880,868,867,878,1202,1607,1119,1225,1218,1293,1551,1252,1187,899,889,883,1018,1009
12/03/2016,Sat,"42,732",763,768,594,58,52,59,67,61,66,69,246,911,854,884,1056,936,965,884,969,965,900,1089,1281,1485,1481,1285,1400,1332,1442,1223,680,844,1109,875,886,799,887,857,1141,1438,1558,1476,1222,925,1091,890,1023,886
13/03/2016,Sun,"4,217",820,828,614,72,50,43,44,43,43,43,45,44,45,45,44,42,43,44,42,43,42,45,43,44,43,42,41,40,41,40,39,41,40,40,41,41,42,41,42,43,44,43,43,44,44,44,43,44
14/03/2016,Mon,"38,955",44,46,46,45,51,54,52,52,53,55,203,988,1184,1209,1254,1111,1027,1053,1389,1529,1124,931,812,952,864,870,737,836,733,905,730,936,807,841,1198,1410,1070,1209,1109,1409,1386,1091,916,836,846,944,1076,932
15/03/2016,Tue,"41,529",574,302,424,291,65,62,62,60,56,61,169,932,1134,1115,1239,1218,832,1018,1415,1462,1176,1000,911,884,874,866,817,967,886,954,766,928,934,886,1263,1567,1225,1308,1200,1355,1463,1218,1006,963,796,1005,905,915
16/03/2016,Wed,"41,784",747,587,450,96,60,53,54,54,52,50,251,850,1002,1179,1191,1116,868,966,1399,1524,1229,917,877,843,829,869,885,898,917,876,861,962,835,908,1265,1512,1274,1305,1276,1320,1457,1188,1034,947,912,1050,1039,950
17/03/2016,Thu,"40,878",708,500,378,56,55,54,56,60,58,64,275,978,1227,1259,1326,1217,798,1079,1182,1581,1207,944,845,837,809,804,741,906,930,654,520,713,898,916,1421,1528,1179,1224,1210,1383,1332,1341,1043,996,815,918,1031,822
18/03/2016,Fri,"42,652",782,616,515,130,95,90,81,82,79,81,164,953,1099,1359,1307,1139,996,1030,1329,1587,1184,1079,855,983,884,968,889,903,931,959,880,903,913,848,1331,1570,1162,1352,1151,1271,1451,1316,824,879,883,1002,950,817
19/03/2016,Sat,"34,026",237,78,80,66,303,144,50,50,51,53,265,833,958,840,894,915,928,897,986,750,988,847,906,938,711,606,719,759,912,897,872,855,937,861,944,935,853,834,980,838,986,788,1080,985,842,840,965,970
20/03/2016,Sun,"4,380",795,661,593,90,52,52,53,53,53,52,50,51,51,52,50,50,51,51,50,50,51,50,51,49,51,49,50,50,50,51,51,49,49,50,49,51,49,50,51,51,52,51,51,52,53,53,54,52
21/03/2016,Mon,"38,809",52,50,51,52,52,51,52,52,50,54,190,919,1165,1163,1204,1056,892,899,1355,1428,1147,856,840,852,862,833,759,894,774,851,807,888,898,934,1282,1484,1162,1169,1215,1279,1269,1234,1111,940,944,914,977,847
22/03/2016,Tue,"39,078",342,77,42,35,36,36,36,37,38,38,190,1010,1174,1214,1289,1137,980,857,1264,1337,1190,975,753,798,846,813,756,813,766,810,859,826,852,868,1213,1559,1102,1376,1115,1307,1331,1135,1147,850,905,955,992,997
23/03/2016,Wed,"39,732",336,53,42,35,36,34,35,34,37,42,152,902,1225,1191,1158,1173,878,959,1337,1485,1110,890,863,849,846,927,888,813,967,822,866,922,863,903,1312,1648,1103,1244,1247,1246,1351,1149,1111,956,838,910,977,967
24/03/2016,Thu,"37,727",321,62,55,40,41,42,39,40,40,49,178,902,1182,1093,1090,1168,851,1010,1404,1537,1066,918,799,827,864,826,843,712,912,912,949,763,939,885,1173,1040,792,826,1126,1366,1382,1161,1142,739,922,900,1022,777
25/03/2016,Fri,"32,166",592,774,584,63,50,50,50,62,66,72,271,770,712,789,932,924,825,829,901,721,766,790,694,796,686,767,809,798,825,867,544,768,917,827,728,746,834,806,976,767,753,927,850,786,681,747,937,737
26/03/2016,Sat,"33,864",753,732,710,437,116,55,55,56,53,51,228,816,689,644,887,1057,824,865,717,774,836,887,811,826,806,836,912,793,779,778,800,831,812,697,665,856,1024,785,821,904,874,874,921,854,751,913,938,761
27/03/2016,Sun,"31,437",793,600,799,376,52,51,52,59,65,64,64,70,308,362,732,783,851,756,791,862,866,881,796,856,949,895,797,816,834,800,816,808,855,800,785,855,839,859,862,748,736,765,884,876,925,672,683,689
28/03/2016,Mon,"33,587",568,353,68,68,70,73,80,73,104,420,849,643,706,691,941,1088,868,822,862,810,838,835,669,852,832,649,942,738,821,894,773,820,925,887,886,796,917,708,915,913,1053,845,914,724,734,839,975,736
29/03/2016,Tue,"36,938",707,363,54,54,52,52,54,60,281,916,1145,1206,1269,1143,979,903,1494,1549,1176,1017,933,1021,963,933,786,903,785,954,807,987,968,867,1443,1172,628,544,794,1013,332,463,402,471,422,277,593,962,1129,912
30/03/2016,Wed,"43,089",841,242,46,48,49,50,57,81,103,562,1408,1284,1375,1148,1035,911,1507,1581,1207,930,1044,943,1040,992,852,900,692,1049,840,898,875,891,1337,1648,1161,1249,1133,1244,1288,1212,1066,916,928,896,980,924,793,833
31/03/2016,Thu,"41,844",459,53,47,47,48,47,52,65,308,1001,1122,1369,1328,1266,1055,1034,1461,1622,1122,862,872,764,901,902,861,921,830,853,838,874,790,885,1272,1474,1160,1171,1161,1161,1334,1257,1030,953,879,890,1050,896,727,770
01/04/2016,Fri,"40,565",523,46,46,44,44,50,66,69,282,900,1214,1204,1346,1122,1039,949,1386,1551,1232,801,899,856,902,788,781,852,770,929,825,863,826,837,1187,1490,1110,1286,1060,1246,1299,1184,976,849,852,899,920,794,728,643
02/04/2016,Sat,"32,625",454,40,39,39,40,40,48,58,254,766,923,885,920,822,903,843,801,798,854,825,865,728,317,969,746,695,781,953,799,859,773,840,827,839,803,825,855,807,926,745,808,868,861,812,1004,911,748,309
03/04/2016,Sun,"28,374",65,47,45,45,47,46,46,47,51,57,65,76,289,579,870,743,874,795,896,799,817,791,788,902,666,874,741,778,847,743,757,727,786,791,716,880,779,805,796,721,718,812,800,768,1097,683,680,629
04/04/2016,Mon,"39,635",337,56,56,52,55,53,52,55,251,833,1134,953,976,1384,881,900,1347,1597,1162,831,790,753,834,839,821,780,892,833,948,834,829,947,1140,1523,1055,1275,1093,1221,1505,1198,857,985,874,826,862,849,716,591
05/04/2016,Tue,"38,205",545,56,53,50,50,54,58,58,230,849,1138,1157,1215,1044,1007,870,1191,1533,1119,905,753,866,754,640,438,261,466,613,896,1206,888,805,1230,1514,1062,1180,1147,1237,1291,1061,1057,778,865,872,963,749,666,765
06/04/2016,Wed,"40,061",499,57,52,51,51,52,50,52,190,925,1155,1147,1235,1092,847,921,1259,1508,1260,816,758,883,807,757,964,666,896,871,664,1013,829,834,1229,1439,1184,1213,1196,1314,1290,1103,1022,916,720,977,896,920,791,690
07/04/2016,Thu,"40,042",550,58,52,52,51,52,53,57,249,945,1117,1064,1297,988,975,915,1116,1505,1227,823,786,861,799,958,893,783,901,784,738,860,858,878,1235,1489,1072,1113,1198,1177,1352,1233,970,979,870,839,940,848,776,706
08/04/2016,Fri,"39,169",487,58,52,53,53,52,52,57,257,839,1161,1237,1271,1155,901,794,1265,1438,1168,883,790,819,782,800,799,841,841,748,809,808,823,919,1159,1395,1048,1081,1183,1123,1364,1113,968,907,803,905,886,772,753,697
09/04/2016,Sat,"31,887",548,70,53,53,58,58,56,60,260,786,919,1001,876,962,878,927,641,519,371,677,626,699,712,713,582,949,835,846,765,839,877,723,840,767,815,733,729,811,810,954,912,854,844,832,933,822,637,655
10/04/2016,Sun,"26,082",186,137,96,86,87,87,88,86,77,80,82,159,287,527,583,609,766,977,877,486,527,683,536,559,762,818,825,853,825,725,666,690,833,746,746,729,824,826,700,707,833,807,689,448,418,760,605,579
11/04/2016,Mon,"39,027",546,323,58,51,54,55,56,62,252,829,1025,1067,1141,1075,800,1011,1040,1523,1100,861,820,808,871,765,740,745,815,867,780,953,795,922,1177,1379,1136,1320,1134,1274,1331,1086,920,848,806,883,983,730,613,597
12/04/2016,Tue,"37,907",375,86,69,69,68,72,72,84,350,687,1005,1167,1196,1161,920,845,1229,1520,1099,854,793,770,757,855,787,828,798,843,852,743,854,741,1170,1388,1044,1007,1188,1064,1411,1083,872,762,777,777,931,688,628,568
13/04/2016,Wed,"37,445",419,111,72,70,70,71,72,79,314,786,1119,1130,1111,1316,830,953,1276,1392,1139,737,837,850,686,941,803,778,718,865,735,837,819,893,827,1135,936,1188,973,1216,1256,1009,1020,752,751,739,858,716,623,617
14/04/2016,Thu,"38,440",388,88,73,70,73,71,72,77,262,654,1053,1205,1030,1150,877,843,1245,1442,1135,802,755,767,738,796,846,697,823,807,731,804,780,942,1183,1421,1048,1220,1155,1084,1407,1384,958,727,820,897,1050,820,676,494
15/04/2016,Fri,"38,575",363,90,69,68,70,72,68,77,255,714,880,1157,1229,1017,1035,873,1190,1481,1072,782,788,801,811,822,879,817,728,929,836,827,847,855,974,1260,1085,1237,1060,1264,1323,1087,1042,807,933,904,870,834,752,641
16/04/2016,Sat,"35,494",554,58,50,50,50,49,51,52,268,842,909,885,872,855,939,885,797,884,884,903,846,801,873,754,930,796,977,800,890,883,877,939,876,1045,861,951,929,850,927,896,965,923,1001,913,1020,899,754,481
17/04/2016,Sun,"29,663",291,175,97,84,84,83,83,83,84,88,89,96,157,359,876,899,753,832,825,752,787,825,863,784,854,831,684,902,832,736,833,817,899,795,868,797,781,834,848,827,745,879,966,879,934,741,641,691
18/04/2016,Mon,"40,245",427,62,61,63,64,60,62,65,262,882,1254,1217,1196,1137,903,927,1000,1011,1263,1256,1029,880,900,1125,973,792,785,1130,828,901,763,897,1094,1452,1086,1222,1044,1183,1433,1118,989,861,861,771,983,833,750,390
19/04/2016,Tue,"39,232",93,78,65,65,65,65,65,71,122,823,1124,1158,1267,1090,845,963,1114,1367,1313,911,918,838,864,1000,826,910,988,1095,936,816,719,843,1100,1484,1132,1092,987,1194,1414,968,1064,768,757,945,994,785,734,397
20/04/2016,Wed,"39,303",105,93,63,64,63,64,65,79,165,939,1378,1248,1204,1146,875,870,1132,1445,1443,1069,1024,678,859,1133,780,436,716,865,864,785,872,773,1210,1421,1061,1114,1237,1089,1402,1155,950,870,833,723,855,890,771,427
21/04/2016,Thu,"37,872",103,87,65,65,67,68,69,76,160,897,1022,1265,1314,1117,927,913,1379,1470,1269,658,856,685,847,1049,825,710,763,864,825,857,773,753,1144,1395,938,1234,1162,1001,659,718,1097,1097,862,832,908,710,615,702
22/04/2016,Fri,"39,562",92,74,58,58,59,59,59,64,135,839,940,1123,1262,1119,815,823,1235,1432,1312,1192,819,1056,1153,802,862,951,899,777,668,817,739,861,1172,1367,1182,937,1351,1106,1271,1121,1003,852,850,998,840,865,721,772
23/04/2016,Sat,"34,687",290,111,74,71,70,72,72,74,177,833,784,1106,1000,893,898,946,907,829,962,956,891,937,835,814,803,823,858,789,852,791,896,860,859,830,769,876,853,814,902,816,926,856,924,742,915,877,709,745
24/04/2016,Sun,"29,296",508,51,53,54,53,54,54,54,54,54,55,66,171,648,703,1101,666,984,717,966,703,782,907,875,770,860,719,931,680,912,719,903,744,853,669,897,734,888,757,927,695,949,739,1016,749,641,753,458
25/04/2016,Mon,"39,581",461,390,67,62,64,63,66,71,219,765,1106,1158,1164,1106,930,947,1205,1529,1125,870,740,896,838,819,857,707,1052,813,824,833,777,851,1148,1086,585,1172,1494,1024,1472,1263,1045,910,845,868,1030,812,762,690
26/04/2016,Tue,"40,338",376,204,50,50,49,50,55,59,244,933,1329,1124,1273,1090,871,934,1350,1523,1161,804,822,782,732,830,788,821,704,776,743,918,911,887,1182,1427,1099,1216,1083,1333,1454,1129,1100,923,879,943,1003,850,792,682
27/04/2016,Wed,"40,643",513,62,49,49,50,50,52,61,248,969,1271,1214,1301,1162,954,988,1338,1467,1173,862,802,845,724,864,734,842,777,843,854,865,882,814,1204,1578,1078,1227,1089,1297,1365,1108,1050,831,848,834,1012,835,781,827
28/04/2016,Thu,"39,459",504,70,51,50,50,54,61,67,289,930,1256,1269,1085,1356,804,839,963,1602,1308,834,750,805,816,712,850,789,774,744,780,863,774,812,1194,1492,1107,1184,1215,1242,1324,1043,943,691,919,994,909,831,744,716
29/04/2016,Fri,"40,138",498,63,59,55,55,58,59,63,263,898,1135,1089,1274,1164,896,1067,1235,1432,1126,859,922,918,818,870,444,1151,874,841,739,878,771,895,1153,1577,1158,1153,1240,1292,1415,1241,1090,796,903,910,985,775,651,330
30/04/2016,Sat,"35,695",397,220,59,65,66,67,66,73,233,902,1028,964,943,924,874,858,892,778,843,1118,1185,1078,733,912,1374,1033,835,818,930,826,867,634,654,378,862,1063,1376,1025,862,915,671,545,634,854,949,980,746,586
01/05/2016,Sun,"28,717",672,54,40,42,41,43,44,42,43,47,56,65,183,458,940,955,780,784,777,880,669,812,704,812,836,798,668,821,693,816,645,827,695,882,804,890,776,810,761,872,690,871,802,891,888,732,526,780
02/05/2016,Mon,"29,590",449,61,236,79,75,58,56,59,114,652,782,693,770,714,791,871,712,651,707,756,743,757,714,696,689,671,722,798,803,770,641,620,514,452,731,735,867,677,775,773,829,830,807,877,932,796,631,454
03/05/2016,Tue,"38,771",232,54,51,51,51,50,53,54,291,981,1245,1190,1240,979,874,896,1296,1406,1191,737,819,706,805,709,860,797,785,851,792,850,765,872,1112,1360,1086,1222,1131,1189,1245,1170,989,860,860,801,903,900,719,691
04/05/2016,Wed,"39,103",518,39,39,40,40,42,51,55,282,970,1143,1125,1235,1069,863,860,1307,1429,998,879,724,862,789,854,757,768,922,849,824,854,868,887,1221,1440,1006,1345,1121,1168,1290,1038,909,717,963,851,957,754,781,600
05/05/2016,Thu,"25,953",522,109,52,51,50,49,49,48,187,916,813,801,609,549,651,169,352,433,400,328,398,405,337,435,824,821,996,1062,506,632,838,637,713,713,877,758,858,596,478,853,772,687,572,784,817,479,348,619
06/05/2016,Fri,"38,118",488,50,51,51,49,48,49,51,211,984,1181,912,564,477,801,1064,1186,1429,1123,713,854,904,872,861,792,911,833,872,784,864,899,824,1301,1612,1114,1267,1098,1277,1332,1109,851,787,862,869,862,779,695,551
07/05/2016,Sat,"31,658",98,79,63,59,61,59,57,107,472,457,805,807,722,779,766,681,907,782,779,799,817,822,809,801,823,854,836,825,813,847,836,803,798,839,807,802,830,728,865,850,725,771,757,797,794,821,636,613
08/05/2016,Sun,"26,897",600,188,93,76,71,71,70,74,71,152,264,191,214,405,727,701,724,712,794,810,828,812,862,783,820,779,810,823,846,879,790,735,785,720,434,481,481,536,868,1278,926,660,433,69,173,525,1014,739
09/05/2016,Mon,"37,603",433,298,55,49,50,48,49,51,78,732,921,1066,1084,963,790,841,1002,1475,1072,996,831,822,811,752,802,834,839,801,860,934,807,835,1096,1426,1031,1173,1314,890,1532,1084,849,849,721,827,794,859,748,429
10/05/2016,Tue,"37,058",160,70,63,64,66,67,68,68,103,737,941,820,1080,1071,811,944,1079,1456,1133,740,946,704,903,767,864,758,932,797,771,771,691,941,1142,1419,1233,1182,1152,1215,1321,853,926,861,670,858,963,750,717,410
11/05/2016,Wed,"35,633",174,41,37,37,38,39,51,55,117,426,1083,985,1123,954,806,829,1167,1344,1129,791,592,927,745,682,825,724,731,821,718,829,879,673,1046,1472,1105,1187,1092,1036,1382,907,866,907,735,815,826,740,674,471
12/05/2016,Thu,"37,616",154,88,83,73,71,72,65,67,110,847,936,1096,996,974,792,901,1113,1412,1130,870,758,891,846,791,786,878,748,893,711,924,799,910,1110,1496,1133,1228,990,1327,1365,1134,921,763,751,834,876,737,742,424
13/05/2016,Fri,"38,130",206,100,75,71,69,69,65,62,111,743,1092,1031,1102,905,818,788,1283,1398,1063,694,728,791,770,736,917,734,858,875,867,858,826,878,1193,1457,1028,1265,1160,1200,1485,1224,1009,789,846,753,900,870,758,610
14/05/2016,Sat,"32,782",584,64,50,50,50,51,51,50,250,828,833,883,884,901,764,888,833,844,805,853,806,863,810,763,819,828,781,772,908,796,745,730,849,760,812,771,806,745,815,817,813,803,912,813,1002,795,786,346
15/05/2016,Sun,"27,937",46,46,42,43,43,44,43,43,43,45,44,50,153,452,819,1022,624,989,640,913,635,981,601,955,713,1000,600,976,736,771,745,827,711,838,772,794,815,770,772,729,775,816,800,740,922,659,690,650
16/05/2016,Mon,"38,776",345,54,48,47,46,46,46,48,238,939,1226,1058,1212,1048,874,739,1186,1538,1251,730,907,903,783,916,772,804,745,879,791,937,818,849,1182,1539,1103,1194,1137,1174,1311,1093,1035,766,844,846,812,722,700,495
17/05/2016,Tue,"39,295",366,75,61,55,53,56,58,68,158,879,1163,1134,1135,1040,849,875,1344,1310,1068,874,842,756,787,824,724,851,944,852,786,875,841,816,1323,1531,1152,1239,1205,1190,1355,1235,1012,809,816,779,964,697,759,710
18/05/2016,Wed,"37,989",199,72,58,53,53,50,50,56,100,757,1069,827,989,1155,823,886,1106,1537,1209,880,773,914,911,759,808,781,735,849,622,883,803,876,1132,1461,1044,1325,1051,1177,1394,1142,983,831,876,793,1028,734,722,653
19/05/2016,Thu,"38,152",277,89,67,57,55,51,51,58,76,887,1170,1034,1245,987,906,783,1222,1438,1200,789,809,824,786,837,747,819,844,917,794,859,806,858,1146,1374,1080,1171,1094,1125,1390,1108,927,787,837,843,934,734,662,598
20/05/2016,Fri,"37,009",275,66,57,50,53,50,53,53,70,810,1098,993,1170,992,743,914,1272,1272,1116,817,641,809,782,825,787,828,766,765,813,823,778,747,1228,1460,1137,1143,1156,1187,1244,1164,822,779,716,771,928,744,615,627
21/05/2016,Sat,"33,542",295,73,61,57,59,60,61,63,78,636,796,622,826,868,904,931,1223,961,698,990,1139,988,828,761,721,775,966,782,791,714,747,766,841,824,822,773,696,1021,1162,1063,806,784,867,730,816,786,701,610
22/05/2016,Sun,"26,916",233,78,63,58,59,59,60,61,58,60,57,64,130,547,723,820,805,741,754,796,771,774,740,789,765,737,810,765,758,807,805,798,810,760,756,729,720,677,754,884,721,660,745,727,982,358,598,490
23/05/2016,Mon,"37,045",129,112,87,84,83,83,85,85,175,675,1099,1059,924,984,811,850,1203,1281,1089,743,836,792,924,807,743,811,823,774,863,746,789,781,1208,1401,903,1040,1120,1233,1220,1102,944,926,729,842,850,826,677,694
24/05/2016,Tue,"36,457",256,84,65,61,62,65,70,66,138,868,1151,1020,1299,1016,904,848,1267,1336,1029,619,777,800,727,764,656,775,827,758,775,591,702,717,1096,1400,1092,1087,1002,1071,1280,1084,935,723,711,720,872,876,798,617
25/05/2016,Wed,"38,698",275,92,68,63,62,61,57,60,82,808,1132,1054,1147,984,898,875,1317,1484,1168,867,761,761,769,861,724,857,843,800,878,798,789,747,1135,1537,1096,1277,1153,1019,1393,1229,922,913,853,917,919,790,705,698
26/05/2016,Thu,"38,791",261,85,65,62,59,51,53,54,105,867,1202,1018,1172,1002,912,765,797,754,1226,858,752,892,859,1036,1021,897,837,1091,1022,796,882,931,1269,1526,1071,1399,1122,1177,1382,1052,972,803,871,733,1000,706,667,657
27/05/2016,Fri,"40,424",313,75,66,60,54,52,51,54,104,818,1058,980,1215,1084,801,867,1181,1339,1083,1060,1017,835,917,1069,1034,872,968,1263,1012,856,848,925,1299,1461,1264,1185,1270,1244,1180,1305,866,966,770,789,898,784,689,523
28/05/2016,Sat,"36,136",383,71,63,53,52,50,51,55,68,716,959,801,860,831,848,872,782,822,926,1076,1263,1151,864,1084,1271,1137,816,778,801,845,990,913,940,858,856,1028,1352,998,926,804,775,613,917,909,883,717,604,704
29/05/2016,Sun,"33,797",229,47,43,44,44,43,44,45,43,45,45,46,142,557,771,842,757,993,701,1367,816,1479,951,1381,1125,823,727,834,992,904,775,1163,842,905,1269,1408,1284,1282,836,723,901,870,863,943,800,682,684,687
30/05/2016,Mon,"32,804",129,44,45,46,45,44,45,60,111,819,812,896,865,859,845,893,876,908,833,847,837,820,779,796,766,787,863,836,848,845,839,814,847,888,769,838,929,835,861,748,869,794,836,796,852,898,685,507
31/05/2016,Tue,"39,784",424,77,81,64,63,53,50,52,106,722,986,1229,1219,1044,829,851,1279,1428,1032,883,760,851,833,874,952,933,869,904,897,878,777,820,1154,1451,1129,1361,1077,1340,1427,1207,995,843,853,876,1023,734,725,769
01/06/2016,Wed,"38,161",193,45,45,45,45,46,46,47,119,872,1040,1113,1229,1031,863,806,1294,1369,1057,868,792,906,757,778,949,856,727,925,874,827,891,830,1138,1232,1295,1175,1149,1239,1198,1158,989,686,934,761,971,777,700,474
02/06/2016,Thu,"38,478",478,80,51,51,51,47,48,57,124,724,1046,1158,1037,1087,901,870,1230,1458,1082,844,757,924,689,949,738,809,768,802,735,874,766,853,1116,1345,1135,1062,1129,1135,1448,1193,989,931,784,940,1000,752,753,678
03/06/2016,Fri,"38,611",372,72,50,52,54,51,52,66,150,861,1167,1081,1285,964,954,908,1202,1466,1225,742,852,702,799,780,826,763,827,910,838,902,822,887,1175,1560,1188,1176,1140,814,889,1299,1022,793,842,854,953,805,795,624
04/06/2016,Sat,"33,426",495,52,46,46,44,45,44,46,243,752,958,869,826,823,841,889,844,713,927,827,839,829,805,815,817,941,817,888,818,873,826,856,896,740,900,881,767,809,848,881,832,676,750,877,915,867,551,782
05/06/2016,Sun,"2,238",490,55,35,35,34,35,34,39,37,37,38,37,37,36,37,37,34,35,35,35,35,35,35,34,35,36,35,35,35,35,35,34,34,34,34,34,34,34,34,34,40,44,45,45,45,45,45,46
06/06/2016,Mon,"38,311",45,45,46,45,45,44,45,45,212,832,1005,1084,1057,1060,799,872,1256,1479,1073,911,827,881,803,846,767,856,782,959,770,936,867,945,1192,1466,1159,1232,1150,1344,1387,1074,963,751,727,842,917,826,703,339
07/06/2016,Tue,"37,403",65,62,59,59,60,61,60,58,93,819,965,1007,1162,993,747,862,1196,1345,1071,853,733,796,728,797,835,790,779,846,845,914,857,876,1198,1463,1201,1228,1146,1255,1332,1106,1029,807,761,873,905,698,596,412
08/06/2016,Wed,"36,999",65,62,58,59,58,60,61,68,78,821,991,1048,1171,972,855,692,1295,1640,1083,863,701,791,906,807,913,789,796,868,639,1002,783,760,1041,1513,1180,1119,1253,1226,1366,1029,835,718,585,808,793,692,685,401
09/06/2016,Thu,"37,956",44,45,44,45,46,47,47,51,96,822,1111,1081,1098,997,811,826,1177,1315,1164,787,750,762,751,837,749,795,823,803,904,877,847,847,1209,1534,1151,1248,1094,1348,1568,994,931,958,841,905,842,845,728,361
10/06/2016,Fri,"38,090",65,62,59,59,59,57,58,61,69,836,980,1117,1107,1077,809,821,1223,1499,1080,833,788,634,860,800,811,768,926,894,821,973,825,897,1286,1495,1121,1235,1233,1170,1505,1041,750,748,853,870,811,848,707,489
11/06/2016,Sat,"32,846",663,46,42,41,41,44,43,44,196,791,872,779,882,806,883,809,755,831,865,812,874,939,860,778,861,838,881,793,876,942,796,857,631,769,865,526,640,901,787,951,816,828,795,896,915,717,461,808
12/06/2016,Sun,"26,967",491,43,45,46,49,47,47,48,46,46,47,48,155,439,781,839,672,771,826,952,626,865,806,842,799,875,736,820,835,933,535,553,466,862,730,872,682,861,700,675,504,520,721,848,860,622,682,699
13/06/2016,Mon,"39,103",526,287,353,51,43,44,44,46,227,770,1031,971,1084,1010,866,745,1246,1238,1197,856,796,857,675,815,765,869,826,874,886,835,913,811,1275,1381,1245,1277,1215,1214,1432,1186,907,710,809,734,1011,788,737,625
14/06/2016,Tue,"42,156",501,42,42,42,44,46,46,48,253,798,1005,1056,1158,1026,918,826,1183,1291,1360,1311,1231,1124,1478,1497,1426,1154,1295,969,902,919,854,891,1176,1288,1145,1129,1013,1242,1360,1224,1027,810,717,688,970,767,557,307
15/06/2016,Wed,"43,225",416,89,43,43,43,42,44,42,179,905,1101,1077,1031,1087,802,894,1143,1399,1366,1266,1153,1201,1233,1478,1169,1329,1399,1072,648,845,758,913,1235,1392,1383,1453,1161,1180,1366,1200,1023,855,829,897,930,863,730,518
16/06/2016,Thu,"41,103",124,74,59,55,55,55,58,70,110,745,920,993,1023,1030,823,906,1204,1396,1473,1220,1289,1271,1348,1347,1207,1322,1527,944,839,845,741,894,1171,1394,1341,1244,1292,859,769,908,1073,684,890,1065,935,738,311,462
17/06/2016,Fri,"43,871",642,188,42,40,41,42,41,42,244,797,1114,974,1178,990,871,806,1234,1394,1414,1359,1250,1167,1261,1417,1602,1244,1288,1217,870,968,877,935,1179,1435,1051,1071,1394,1259,1421,1027,794,801,1039,927,919,848,700,457
18/06/2016,Sat,"42,851",551,178,45,43,43,41,44,45,238,852,717,861,819,789,817,743,773,872,842,1067,1286,1374,1396,1411,1308,1267,1501,1389,1499,1252,1240,1241,1270,1278,1240,1285,1282,1236,1616,939,828,811,849,805,926,924,568,450
19/06/2016,Sun,"2,272",425,284,34,34,35,33,34,35,35,35,36,35,35,33,33,32,34,32,32,32,32,32,33,32,33,33,33,32,33,33,32,32,33,32,34,32,34,34,36,35,35,35,35,37,39,37,38,38
20/06/2016,Mon,"37,756",40,47,46,47,47,43,45,50,189,815,937,1179,1114,1094,816,889,1173,1358,1197,917,870,766,791,798,743,945,782,957,850,876,809,933,1171,1464,1065,1229,1255,916,1549,1103,899,908,771,855,713,669,671,355
21/06/2016,Tue,"37,326",55,58,58,56,56,54,57,52,106,606,1075,1099,1086,1088,857,772,1224,1382,1047,935,745,867,760,843,917,809,899,908,918,880,779,887,1087,1485,1096,1182,1096,1313,1302,1013,1063,749,713,832,733,691,757,279
22/06/2016,Wed,"36,366",75,73,71,70,68,67,69,60,95,576,850,866,789,1103,1026,853,1154,1198,1258,973,760,878,736,828,828,786,855,727,738,908,883,804,1259,1301,1191,1046,1160,1136,1332,1044,1020,805,807,745,793,623,698,381
23/06/2016,Thu,"29,115",81,78,72,77,80,80,84,87,110,528,1133,929,480,457,463,548,418,352,984,1016,467,714,445,506,457,468,726,702,1137,1108,819,683,734,826,1056,828,921,783,990,865,1252,573,891,835,673,434,591,574
24/06/2016,Fri,"29,386",98,85,78,80,77,79,79,67,137,591,854,444,480,354,293,299,481,495,376,309,329,311,324,393,757,962,782,798,842,897,859,956,1257,1543,1108,1235,1082,860,1147,1142,1092,628,883,693,677,638,782,653
25/06/2016,Sat,"31,205",494,112,48,50,50,51,79,273,196,753,899,797,694,593,536,682,839,767,801,780,760,874,759,789,826,799,882,701,956,882,833,827,843,824,830,745,888,777,863,756,822,768,796,646,150,150,649,1316
26/06/2016,Sun,"28,823",925,47,47,48,49,49,49,49,48,46,43,46,217,519,737,817,780,835,719,778,746,801,781,831,845,866,788,668,799,793,892,749,797,789,907,855,784,843,684,894,842,762,803,877,695,646,645,593
27/06/2016,Mon,"34,935",370,44,45,44,42,42,44,48,233,693,955,1024,1209,1038,870,701,495,220,458,530,509,640,799,829,849,806,816,923,761,913,815,844,1225,1554,1036,1180,1097,1279,1374,1124,937,861,803,853,948,694,728,633
28/06/2016,Tue,"38,418",493,41,42,40,41,43,41,47,236,880,1141,1127,1034,987,907,856,1216,1363,1222,787,903,758,948,751,906,850,805,792,777,869,612,904,1194,1446,1072,1208,1122,1143,1355,1104,859,842,750,808,977,778,722,619
29/06/2016,Wed,"37,881",572,42,44,42,41,42,40,44,224,830,1053,1009,1141,953,811,854,1230,1283,1033,759,783,785,842,765,783,750,777,806,720,942,730,904,1213,1416,1094,1236,1152,1214,1282,1096,1005,798,877,723,969,728,689,755
30/06/2016,Thu,"37,278",518,43,45,43,42,45,44,49,273,826,998,1003,1033,980,820,822,1159,1351,993,818,781,807,771,819,798,723,857,647,883,923,794,887,987,1210,1136,1285,983,1229,1241,1053,981,817,848,838,910,672,699,794
01/07/2016,Fri,"31,821",449,41,40,41,40,41,42,41,165,839,1028,1093,1099,898,859,825,552,551,358,316,295,267,315,298,408,807,773,932,757,970,743,924,1076,1422,1003,1148,1254,1204,1208,1133,985,896,602,930,592,604,605,352
02/07/2016,Sat,"33,100",400,606,166,46,47,44,45,50,217,819,678,872,816,895,804,791,849,746,853,814,858,729,872,783,810,861,847,839,776,854,844,796,891,731,797,835,842,701,844,958,774,817,828,828,717,762,590,758
03/07/2016,Sun,"26,475",527,64,45,46,49,48,48,49,49,46,54,65,169,554,585,795,574,667,602,969,658,807,736,687,573,965,721,941,695,808,630,618,820,933,720,875,668,754,594,890,673,838,688,742,692,659,699,386
04/07/2016,Mon,"38,105",478,344,45,42,42,39,40,41,234,733,1123,998,1008,1118,939,797,1104,1482,1150,845,754,929,749,783,812,899,748,782,838,836,927,782,1289,1447,1093,1210,1163,1206,1263,1116,899,743,741,712,822,707,618,635
05/07/2016,Tue,"37,429",116,81,70,67,69,70,70,68,90,648,938,975,1056,975,842,864,1335,1438,987,834,751,773,754,817,829,763,899,864,737,908,816,913,1208,1534,1183,1285,1088,1255,1320,1100,845,765,823,837,905,688,632,544
06/07/2016,Wed,"38,728",120,89,76,70,73,71,69,68,111,795,953,1147,1074,1068,789,896,1305,1523,1106,766,726,635,949,882,864,778,693,723,1037,874,947,993,1162,1439,1096,1377,1182,1269,1412,1133,907,839,730,1008,984,779,663,478
07/07/2016,Thu,"36,541",119,74,68,65,71,72,72,67,92,702,962,1027,1062,1003,820,796,1053,1514,1064,765,364,617,887,1028,700,834,902,608,851,838,663,909,778,1276,1495,1066,1236,1195,1208,1205,996,832,826,824,871,840,562,662
08/07/2016,Fri,"36,707",126,96,76,72,75,70,68,65,80,800,999,998,1074,1025,886,801,1286,1419,1211,748,696,770,682,663,969,795,769,801,857,790,910,934,1275,1316,804,578,899,1475,1507,802,901,903,732,925,973,781,706,519
09/07/2016,Sat,"33,298",457,95,42,40,42,42,41,42,237,744,816,741,864,681,820,757,843,801,957,744,823,953,915,921,903,870,871,833,944,964,864,854,875,847,865,728,908,839,880,867,854,817,613,844,850,782,626,582
10/07/2016,Sun,"28,893",160,90,73,71,74,73,70,71,72,81,86,83,341,486,797,696,803,710,850,809,690,889,721,758,896,870,855,814,886,834,822,884,860,789,869,800,822,806,802,859,718,853,833,807,935,748,402,575
11/07/2016,Mon,"37,960",612,48,44,42,41,41,41,41,183,810,974,1136,1124,961,888,835,1027,1354,1089,829,698,844,724,585,915,779,864,887,624,903,815,877,1290,1526,1097,1214,1233,1160,1377,1136,928,804,799,741,857,811,722,630
12/07/2016,Tue,"37,930",472,34,35,34,35,34,35,38,209,856,978,978,1216,1053,894,812,1141,1214,1334,757,791,869,789,820,792,802,811,756,786,877,817,846,1109,1460,1149,1138,982,1239,1325,1083,883,746,868,823,1060,776,694,680
13/07/2016,Wed,"38,403",469,33,35,36,35,35,45,48,239,814,1133,981,1130,1088,952,871,1021,1469,1182,853,829,835,821,767,851,795,778,737,858,733,903,761,1192,1461,1009,1241,1113,1053,1278,1307,974,822,818,802,974,820,747,655
14/07/2016,Thu,"37,431",502,44,46,45,44,44,46,45,254,740,1136,1062,1265,1007,864,837,1275,1499,1054,788,789,868,835,1040,767,774,691,514,666,613,890,861,1124,1387,1191,511,847,1413,1054,1404,1213,632,403,778,1006,1034,879,650
15/07/2016,Fri,"38,107",514,42,44,44,45,45,44,43,197,832,1083,1148,1039,1079,831,783,1232,1513,1129,955,792,838,828,789,737,683,949,752,883,782,836,823,1174,1309,1165,1109,1293,1108,1366,959,994,769,851,739,829,807,717,584
16/07/2016,Sat,"33,571",559,96,40,40,41,41,39,42,199,719,833,830,754,809,757,789,802,777,859,801,956,814,965,865,869,907,799,808,874,889,808,892,924,673,781,981,913,832,1176,879,891,761,855,798,935,652,504,743
17/07/2016,Sun,"2,734",473,49,57,48,48,47,46,45,44,45,46,47,46,46,45,45,44,44,46,45,47,50,48,55,50,56,50,48,51,58,49,51,54,51,50,46,46,46,46,46,46,46,46,46,45,46,49,56
18/07/2016,Mon,"38,315",56,55,55,54,52,44,46,48,164,671,925,1114,1005,1050,802,874,1067,1465,1138,726,888,796,870,887,851,814,844,902,822,889,860,932,1260,1568,1159,1299,1246,938,1569,1201,985,861,665,931,873,821,687,486
19/07/2016,Tue,"26,812",118,79,71,70,70,68,67,65,79,745,970,1062,1146,1001,871,833,1194,1551,1281,607,0,0,0,0,0,0,0,0,0,485,785,787,1373,1424,1052,877,969,300,454,715,991,1124,1090,558,483,530,462,405
20/07/2016,Wed,"36,617",494,100,94,77,75,75,74,74,89,600,873,967,1119,993,833,809,950,1088,991,822,697,803,705,957,938,805,763,711,812,978,876,973,928,1101,1101,1369,1209,1254,1253,1258,983,900,830,621,606,673,744,572
21/07/2016,Thu,"36,570",134,83,75,73,74,74,72,72,105,811,906,1033,1094,981,757,904,1171,1430,1112,878,861,850,847,880,879,824,765,935,842,958,796,890,1235,1550,1045,1112,1237,1029,856,961,1029,849,821,562,788,450,435,445
22/07/2016,Fri,"37,757",84,62,50,49,48,51,68,71,97,789,883,965,1194,1069,796,746,1076,1426,1282,764,808,607,881,778,853,779,859,769,857,924,829,836,1132,1501,1198,1278,972,1158,1426,1111,1052,829,779,854,898,859,714,646
23/07/2016,Sat,"33,975",547,101,52,49,49,47,47,54,203,704,843,771,849,811,811,890,803,748,826,844,880,888,982,882,935,767,1066,810,917,910,919,957,885,873,997,863,853,878,874,862,862,715,884,791,940,682,625,429
24/07/2016,Sun,"2,673",56,58,55,53,55,57,57,56,56,59,57,58,56,55,56,54,54,53,55,54,55,54,56,58,58,56,58,57,55,55,56,55,54,55,54,55,55,54,54,56,54,56,57,57,58,55,57,55
25/07/2016,Mon,"37,527",54,55,54,49,54,55,59,62,152,550,1153,973,1141,1119,817,822,1121,1547,1039,892,762,883,736,878,838,811,718,867,818,813,822,762,1244,1527,1188,1274,1113,1208,1471,1171,873,865,775,817,911,791,521,302
26/07/2016,Tue,"37,831",72,72,69,69,70,69,70,66,116,634,968,1194,1020,1032,781,717,1037,1409,1165,927,741,757,803,851,1003,833,943,806,815,877,818,921,1195,1552,1188,1201,1259,1139,1391,1167,915,832,799,924,921,785,527,311
27/07/2016,Wed,"36,226",73,75,70,69,70,69,67,63,75,485,708,763,1176,968,895,845,1167,1320,1125,800,740,759,633,810,757,922,729,901,834,906,813,939,1235,1418,1187,1235,1147,1141,1347,1161,965,716,728,807,871,817,511,314
28/07/2016,Thu,"37,204",78,74,68,70,68,70,69,64,95,819,891,1016,1048,1060,895,852,1181,1397,1047,908,793,791,835,871,808,737,818,771,760,812,828,771,1321,1543,1139,1209,1133,1092,1345,1209,967,830,863,768,810,789,542,279
29/07/2016,Fri,"36,980",82,77,71,71,70,71,72,70,95,556,1101,1194,1082,979,826,764,1314,1242,1186,709,818,749,826,870,636,921,857,906,774,903,771,781,1235,1500,1165,1113,1251,1086,1154,921,858,886,856,722,812,790,666,521
30/07/2016,Sat,"33,419",534,101,46,44,44,44,44,46,219,719,763,876,842,725,939,741,722,879,891,948,918,857,861,872,1052,987,879,800,847,809,861,855,914,891,908,814,750,836,827,785,759,842,790,915,809,835,610,369
31/07/2016,Sun,"1,968",34,33,32,34,34,34,34,34,34,36,34,36,37,35,35,33,33,39,43,44,44,43,44,43,44,44,44,44,45,44,44,45,43,44,43,44,43,44,44,43,43,44,44,45,44,59,56,49
01/08/2016,Mon,"35,516",41,43,44,45,44,42,45,48,121,838,1037,994,1049,1100,768,872,1162,1385,1055,820,734,910,635,838,729,830,726,916,711,918,817,800,1181,1374,1153,886,978,771,956,826,986,759,883,825,913,818,686,404
02/08/2016,Tue,"36,533",82,49,47,47,44,45,50,60,137,855,912,1032,1108,816,966,753,1067,1523,980,778,738,883,759,769,860,752,857,844,829,866,769,840,1164,1393,926,1094,1335,1080,1449,988,958,793,788,746,802,805,751,344
03/08/2016,Wed,"36,941",60,59,46,44,43,45,45,57,95,721,967,1034,1071,1086,762,888,1142,1389,1173,704,837,999,792,942,743,773,833,791,870,869,805,843,1210,1474,1066,1181,1035,1240,1191,1143,893,732,866,843,855,676,676,332
04/08/2016,Thu,"37,574",47,43,43,44,43,45,46,50,105,866,933,1072,1098,1058,795,893,1229,1422,1071,724,698,876,811,763,800,871,811,881,778,892,870,896,1146,1464,1179,1185,1271,1041,1615,989,914,848,858,747,884,803,698,358
05/08/2016,Fri,"37,993",49,45,46,47,44,45,45,46,116,881,1144,1100,1115,913,843,825,1333,1337,1178,769,829,886,765,920,738,857,873,869,787,939,771,985,1041,1137,892,1220,1242,1212,1432,1085,893,877,792,887,919,757,707,760
06/08/2016,Sat,"31,894",448,45,44,43,44,45,46,48,220,724,800,797,833,599,721,728,763,858,763,798,680,838,838,863,1023,841,862,684,743,731,916,880,862,750,853,690,836,846,802,848,824,815,674,738,939,855,635,661
07/08/2016,Sun,"29,435",98,82,71,69,69,69,70,70,71,71,68,67,329,430,817,771,803,891,888,727,884,839,823,730,936,779,919,796,825,877,763,851,748,886,938,812,848,800,756,794,831,891,780,815,1003,663,705,612
08/08/2016,Mon,"37,101",106,50,51,48,49,50,54,54,193,673,1110,1049,969,1077,785,956,1122,1282,915,732,743,867,878,853,812,744,835,896,817,783,925,887,1213,1464,1188,1190,1012,1148,1221,1037,911,752,793,875,940,734,727,531
09/08/2016,Tue,"38,397",146,98,74,74,72,69,69,75,143,797,1001,1162,1057,1090,764,920,1071,1436,1179,796,635,999,881,903,858,604,911,877,841,897,793,886,1205,1382,1245,1259,1161,1125,1366,1065,952,804,766,898,892,815,719,565
10/08/2016,Wed,"37,263",154,104,75,80,72,73,71,70,126,721,1014,1189,1076,1071,843,842,1135,1384,1084,870,699,918,810,692,774,838,493,772,699,915,891,879,1224,1512,1026,1132,1144,1144,1344,1076,963,871,750,873,782,827,703,458
11/08/2016,Thu,"37,399",180,75,71,75,70,69,65,65,101,690,992,1063,1156,916,827,767,1221,1357,1052,887,793,898,827,884,763,710,888,797,885,911,875,872,1162,1387,1105,1228,1074,1236,1204,970,851,784,908,727,974,758,699,530
12/08/2016,Fri,"32,224",131,77,71,74,66,64,63,65,101,797,1008,934,1065,852,497,700,343,426,363,625,73,479,604,756,681,743,1063,910,875,842,834,900,1028,1328,1202,1016,869,1128,1266,918,953,943,766,803,787,792,706,637
13/08/2016,Sat,"32,525",491,47,44,45,45,44,45,49,196,646,843,765,735,842,795,752,808,748,844,792,857,816,932,725,826,765,725,1011,857,915,849,845,779,851,852,842,925,701,875,755,814,784,735,882,852,823,627,729
14/08/2016,Sun,"28,172",193,48,45,44,43,44,44,44,44,43,45,51,115,503,684,771,879,736,856,778,676,873,801,819,732,866,807,793,824,782,816,840,824,792,863,833,788,863,731,828,821,688,791,730,976,672,671,662
15/08/2016,Mon,"37,670",301,51,55,48,51,51,49,48,184,847,1047,1093,957,931,785,876,1154,1364,1062,818,723,905,607,989,832,880,847,838,849,817,829,869,1254,1430,1211,1185,1142,1088,1453,1015,937,763,799,853,772,635,713,663
16/08/2016,Tue,"36,772",449,60,69,66,67,67,67,78,205,715,1169,1141,979,979,904,850,1166,1298,1089,810,544,840,812,545,534,651,543,1075,833,908,831,757,1044,1488,1305,1233,1093,1250,1014,1163,851,797,762,749,890,642,739,651
17/08/2016,Wed,"34,122",475,58,52,51,52,56,54,66,238,714,1040,944,997,942,966,726,1226,1309,1005,834,773,826,846,971,890,858,221,0,0,0,564,791,1306,1450,1197,1135,1120,977,1275,1132,936,823,733,791,863,542,675,622
18/08/2016,Thu,"36,185",444,136,53,51,51,53,55,62,242,660,1046,975,995,1038,734,785,1159,1328,970,527,643,871,788,817,890,702,836,853,779,890,826,789,1164,1432,1020,1046,930,873,1227,1248,859,841,870,749,713,851,652,662
19/08/2016,Fri,"36,735",541,81,55,52,50,50,49,60,220,672,1049,836,1079,978,854,744,1121,1352,1134,753,724,722,675,697,611,762,847,806,822,809,832,817,1198,1396,1087,1165,1132,1171,1318,1105,960,854,803,835,849,779,642,587
20/08/2016,Sat,"28,378",493,104,50,47,49,53,52,54,215,698,802,793,837,790,844,752,834,802,803,792,838,848,768,789,781,793,807,829,817,866,820,871,776,740,810,782,728,597,222,324,232,328,542,645,632,711,332,286
21/08/2016,Sun,"32,361",72,67,59,58,60,58,58,58,57,57,55,77,129,204,979,1396,1435,1547,1467,1632,1437,1297,704,891,725,835,777,730,791,860,865,805,763,689,755,907,732,880,767,698,790,729,742,756,968,686,587,670
22/08/2016,Mon,"37,118",333,49,45,48,49,47,48,52,236,747,943,773,1008,998,905,828,1287,1337,1014,899,708,844,813,722,721,913,871,862,803,844,785,936,1183,1478,1152,1135,1130,1047,1311,1089,859,765,856,714,977,770,696,488
23/08/2016,Tue,"37,805",354,58,51,48,50,48,51,58,228,741,1045,1073,1135,1015,901,724,1294,1386,1031,835,901,848,735,730,753,1004,923,859,893,821,745,861,1261,1482,1146,1259,1156,1256,1246,1062,959,901,756,815,877,785,598,47
24/08/2016,Wed,"37,487",47,47,46,45,47,122,75,52,189,769,747,812,994,990,912,737,1318,1354,1103,779,826,924,779,985,716,879,836,912,862,812,949,944,1265,1672,977,790,1254,1228,1261,1146,982,850,751,740,885,832,724,521
25/08/2016,Thu,"37,829",361,65,59,56,55,56,60,63,279,700,877,1071,1121,973,838,753,1258,1472,1120,875,831,838,896,732,837,871,853,874,718,830,799,962,1160,1506,1113,1117,1226,1176,1204,1086,792,913,776,816,896,767,635,493
26/08/2016,Fri,"36,165",377,112,53,51,49,53,52,55,194,708,1012,1102,1068,974,836,768,1158,1298,1066,712,793,910,815,825,657,1023,769,754,991,769,902,953,944,1196,1059,1256,1020,1154,1130,972,809,770,714,825,847,653,563,394
27/08/2016,Sat,"30,087",575,185,43,44,45,46,45,46,233,612,657,535,791,769,789,840,803,774,844,777,866,737,808,776,888,744,835,517,808,839,783,702,845,602,535,969,1119,674,523,640,619,341,367,803,1191,694,873,536
28/08/2016,Sun,"28,116",70,44,45,48,47,48,48,47,46,44,44,48,150,532,805,892,727,897,753,798,832,757,834,911,717,877,772,818,800,804,796,874,756,762,507,879,996,863,704,691,814,803,806,783,1033,693,471,630
29/08/2016,Mon,"31,430",505,334,187,43,42,42,43,44,222,706,618,649,841,882,804,731,715,756,824,735,797,794,795,652,805,822,765,751,765,746,834,715,769,814,765,812,826,869,818,672,842,789,805,724,823,631,772,735
30/08/2016,Tue,"38,819",575,329,47,44,45,43,44,47,244,818,1043,1121,1094,1034,769,743,1134,1453,1193,793,966,855,766,832,825,822,875,795,798,874,839,897,1328,1539,1131,1201,1120,1171,1323,902,981,808,668,801,814,878,748,649
31/08/2016,Wed,"36,883",557,57,43,42,43,44,47,51,177,901,791,927,780,853,790,800,1337,1246,1100,731,853,797,728,832,821,835,850,825,818,739,877,852,1221,1492,1089,1190,1185,1180,1235,1028,887,717,779,754,883,692,732,675
01/09/2016,Thu,"37,461",499,68,63,60,63,63,49,45,243,797,1137,996,1026,1112,802,786,1292,1208,1139,657,877,852,752,840,709,840,775,781,795,843,930,804,1212,1467,1087,1218,1118,906,1057,863,1124,821,925,827,830,762,659,682
02/09/2016,Fri,"36,573",488,72,64,60,59,59,60,56,227,749,1033,1012,1037,996,816,794,1228,1352,1034,636,720,896,725,597,588,625,853,761,719,924,726,875,1115,1416,977,1161,1273,1048,1265,1047,974,742,782,928,885,805,712,602
03/09/2016,Sat,"35,441",448,227,46,46,47,47,48,49,268,790,916,844,854,780,900,830,819,1078,1173,1042,826,950,1263,1004,749,826,925,857,870,721,842,802,812,835,811,809,855,1008,1116,1109,899,716,892,806,851,753,700,582
04/09/2016,Sun,"15,728",308,72,72,67,65,65,64,63,63,65,63,66,95,455,342,486,349,456,348,516,354,420,362,474,371,484,387,527,351,496,350,510,350,533,367,486,353,481,333,523,397,511,373,379,603,379,378,116
05/09/2016,Mon,"36,674",49,48,49,47,48,47,48,54,226,794,1046,1034,893,1060,938,646,1244,1359,1195,859,721,818,732,879,789,769,841,856,812,759,855,873,1216,1398,1075,910,1101,1381,1383,1057,966,748,783,829,863,787,622,167
06/09/2016,Tue,"36,193",51,41,40,41,40,40,40,45,214,712,949,993,1091,989,797,791,1341,1331,1104,774,783,816,743,784,787,679,883,792,767,800,825,821,1126,1343,1165,1193,1208,1060,1294,1133,849,844,824,789,984,718,622,137
07/09/2016,Wed,"36,379",45,39,39,43,40,41,41,46,231,709,629,1039,960,976,791,843,1318,1439,1123,821,833,823,876,755,745,781,734,587,1061,850,883,764,1318,1560,1012,1266,1173,1002,1294,1107,960,841,720,807,821,779,603,211
08/09/2016,Thu,"36,474",50,46,40,41,40,40,42,49,236,808,1084,1015,1026,1019,841,888,1260,1470,1073,837,833,813,883,782,761,772,840,792,881,740,869,714,1236,1361,1037,1168,1033,951,1217,1089,888,849,726,749,996,838,612,139
09/09/2016,Fri,"36,950",52,49,42,39,39,40,40,45,187,764,1043,1091,964,1036,776,830,1198,1393,1019,887,676,820,823,719,872,847,786,786,792,920,743,869,1096,1363,1074,1055,1176,1153,1371,1070,933,905,734,904,915,782,712,520
10/09/2016,Sat,"31,110",567,57,49,49,48,47,46,47,265,712,695,668,819,754,764,794,742,827,820,817,798,808,770,798,832,828,847,825,798,765,460,323,572,1049,641,724,1174,675,485,610,1143,873,812,949,738,713,945,568
11/09/2016,Sun,"26,132",260,383,212,69,71,72,71,71,70,71,71,89,271,495,663,855,740,842,657,949,667,913,674,812,748,924,722,551,270,313,197,709,154,389,782,1047,815,876,687,891,736,881,704,906,949,609,786,438
12/09/2016,Mon,"37,663",483,324,56,52,50,51,54,59,98,776,1291,1077,1017,953,772,879,1098,1408,1128,718,823,972,815,806,839,761,827,906,737,814,848,846,1192,1469,1154,1052,1062,1228,1220,1175,922,767,661,697,708,722,783,513
13/09/2016,Tue,"37,815",559,65,63,64,64,62,64,64,246,664,1058,1115,998,1038,818,925,1194,1472,1132,842,830,851,771,757,833,892,811,878,692,879,929,813,1261,1541,1096,1256,1127,1006,992,893,931,880,648,951,779,648,652,711
14/09/2016,Wed,"38,268",495,66,65,64,63,62,62,62,237,605,927,1098,1046,1079,839,917,1260,1548,1133,878,819,817,747,844,861,884,655,1076,773,967,782,770,1240,1512,1104,1252,914,1133,1316,920,1064,913,747,844,770,740,707,591
15/09/2016,Thu,"38,157",515,113,69,61,60,59,62,68,214,690,960,1114,1096,983,836,836,1221,1493,1002,936,824,863,636,979,789,671,836,914,788,906,890,831,1306,1432,1119,1003,1172,1121,1257,1128,1027,815,877,838,801,616,707,623
16/09/2016,Fri,"37,251",488,209,73,75,67,69,68,73,199,546,872,1021,989,1155,806,704,1124,1180,1218,843,871,843,689,718,844,841,832,891,705,905,714,889,1090,1404,1158,1138,1051,1098,1302,1058,919,804,707,945,930,788,649,689
17/09/2016,Sat,"31,976",518,129,52,48,48,50,48,48,222,755,738,783,795,839,780,817,880,727,894,720,872,728,823,826,803,837,725,805,879,817,838,857,748,742,835,770,839,763,815,717,702,778,797,679,835,917,697,641
18/09/2016,Sun,"27,329",254,73,68,65,65,62,61,63,63,59,54,61,114,386,693,896,660,858,770,885,685,838,705,801,701,859,722,914,747,869,699,850,680,859,662,833,714,791,715,830,744,890,668,824,823,611,649,436
19/09/2016,Mon,"37,094",537,64,61,53,53,53,57,61,95,706,1072,1057,1045,980,827,907,1076,1305,1175,820,782,751,847,735,680,682,763,821,737,861,824,857,1201,1491,1065,968,1097,1172,1446,943,1054,745,830,809,896,628,796,609
20/09/2016,Tue,"36,770",577,65,62,59,59,59,58,64,169,691,1001,882,1024,1040,806,823,1256,1187,1178,851,904,830,764,799,742,807,795,824,795,919,764,836,969,1326,1139,1142,990,1126,1157,1195,969,790,699,762,792,609,644,771
21/09/2016,Wed,"37,760",468,57,61,60,59,59,53,53,173,623,1096,992,1060,1008,852,842,1210,1342,1195,814,727,837,931,787,818,873,768,846,795,791,774,817,1209,1509,1081,1189,929,979,1524,1210,881,906,876,768,809,702,753,594
22/09/2016,Thu,"37,478",519,61,63,64,62,55,51,54,156,679,1029,1073,1031,1034,811,940,1264,1366,1126,925,843,866,761,771,742,836,835,814,764,872,770,870,1174,1345,1138,1146,1112,897,1279,1136,908,885,778,756,791,701,636,689
23/09/2016,Fri,"37,619",515,64,60,59,60,60,56,66,279,709,1125,1116,1078,1015,855,861,1387,1317,1138,791,694,775,735,804,767,808,766,764,749,886,865,857,1185,1386,1037,1194,1061,914,1224,1145,446,469,1096,1278,782,769,746,806
24/09/2016,Sat,"32,284",526,108,50,48,56,55,51,54,246,700,866,689,1002,795,773,769,797,809,826,818,805,782,793,821,933,798,864,760,870,816,851,670,939,655,910,684,917,610,971,647,870,638,876,929,893,825,642,477
25/09/2016,Sun,"1,934",196,36,37,36,35,35,36,37,37,37,37,35,36,35,34,37,37,36,36,35,34,34,34,35,34,33,32,32,31,32,31,31,32,31,32,33,33,40,44,45,45,46,46,47,46,47,47,47
26/09/2016,Mon,"36,103",50,53,51,50,48,49,50,51,208,893,1029,980,1095,1031,836,809,1182,1380,968,766,757,725,525,586,606,571,984,818,756,879,845,915,1114,1335,1095,1175,991,1294,1263,994,962,777,763,804,974,743,752,521
27/09/2016,Tue,"34,642",184,74,50,51,51,51,51,50,103,698,964,1044,984,1041,758,725,1005,1460,1117,845,751,867,875,599,925,833,649,880,712,906,827,874,1168,1432,1037,1094,1049,1146,1209,1120,1048,650,664,317,531,476,271,426
28/09/2016,Wed,"36,922",576,69,49,50,49,51,51,49,135,781,921,786,937,975,827,869,1184,1323,1082,690,821,691,781,808,787,856,859,791,800,784,908,857,1207,1384,1178,1153,1165,1076,1422,1191,929,809,722,671,911,756,682,469
29/09/2016,Thu,"35,656",169,63,39,39,40,37,47,47,84,615,750,1043,960,978,802,731,1138,1405,1029,791,774,704,705,858,875,744,812,846,671,840,811,804,1197,1308,1128,1090,1138,1125,1198,1112,975,797,893,713,916,701,663,451
30/09/2016,Fri,"37,253",182,108,81,75,73,69,68,79,137,728,918,1021,1155,992,811,928,1135,1382,1114,770,784,788,762,743,846,723,652,881,913,744,1015,826,1139,1360,1061,1170,995,1112,1127,1194,987,912,846,813,925,767,699,643
01/10/2016,Sat,"32,910",525,65,57,54,50,50,52,55,198,699,801,796,859,906,899,858,822,767,920,802,859,757,911,812,843,856,802,712,819,846,677,497,946,848,892,819,820,772,883,891,862,670,988,839,951,668,699,736
02/10/2016,Sun,"1,221",356,56,49,18,18,18,18,19,20,19,19,17,18,17,18,18,18,19,17,17,16,16,14,15,14,15,14,15,14,15,14,14,15,14,16,14,15,16,17,17,17,18,18,19,20,20,20,20
03/10/2016,Mon,"37,748",53,53,53,53,53,49,50,52,267,898,1193,1205,1211,1114,938,858,1205,1511,1207,842,751,832,658,841,767,775,705,895,831,856,862,779,1028,1360,1062,1111,990,1066,1053,1236,1077,816,851,836,823,779,741,502
04/10/2016,Tue,"36,960",214,42,42,42,42,42,52,56,119,752,1032,1025,1169,986,850,807,1136,1400,1107,863,803,820,746,866,830,793,780,708,877,845,762,786,1127,1432,1044,1232,1008,1221,1195,1080,868,792,747,841,957,773,746,503
05/10/2016,Wed,"33,646",183,43,41,42,42,43,50,47,160,751,1013,1011,635,257,390,376,424,1086,1869,1305,825,449,971,540,868,979,659,958,725,715,874,818,1094,1411,1141,1079,1060,915,1006,913,930,810,937,609,914,587,474,617
06/10/2016,Thu,"37,245",171,45,44,43,43,46,52,53,162,729,887,1204,1056,1055,831,797,1248,1340,1082,866,910,864,736,798,762,788,720,637,820,904,721,797,1250,1393,1020,1102,987,1191,1441,1088,940,883,869,823,901,811,782,553
07/10/2016,Fri,"36,346",161,116,85,81,83,81,81,87,139,763,1007,1022,933,971,810,825,992,1275,1190,777,827,638,1108,614,723,737,891,764,821,646,766,736,1176,1351,1011,1089,955,947,1255,1058,971,874,915,796,1006,745,699,748
08/10/2016,Sat,"34,501",505,51,48,49,51,52,49,51,232,632,780,733,759,923,826,808,807,714,917,766,859,815,670,679,844,776,810,924,996,1176,973,719,946,1256,999,785,696,915,754,863,868,846,739,946,994,1021,1071,808
09/10/2016,Sun,"12,392",211,52,51,54,131,124,127,127,127,136,144,247,352,314,338,341,339,320,336,338,273,318,398,338,362,351,296,322,331,305,324,340,339,353,313,330,335,319,361,358,342,338,346,290,50,51,51,49
10/10/2016,Mon,"37,302",49,50,50,51,50,50,50,53,87,906,1186,1045,1135,1144,903,845,1219,1457,1096,820,766,817,716,772,780,773,728,728,833,804,834,774,1170,1455,969,753,1028,1198,1250,1157,1135,895,841,787,874,800,773,646
11/10/2016,Tue,"51,066",524,49,43,42,42,43,48,60,214,792,994,1098,1219,1149,908,855,1072,1432,2118,2523,1803,1933,1777,1833,1883,1966,1746,1757,1691,1735,1457,719,1112,1431,1102,1072,1015,1127,1225,822,1011,901,798,796,891,826,773,639
12/10/2016,Wed,"37,608",487,48,43,44,44,44,50,49,196,794,1081,1135,1123,1004,910,809,1123,1392,1289,909,843,778,800,804,750,630,892,756,819,793,780,793,1151,1352,1007,1097,1002,1163,1167,993,989,814,865,863,994,807,713,619
13/10/2016,Thu,"37,888",511,142,45,43,42,43,50,51,191,885,1114,926,995,1140,934,877,1208,1479,1042,838,844,664,772,722,893,833,778,759,765,765,789,920,1189,1367,1028,1181,1047,1009,1479,1095,897,975,829,847,769,879,710,527
14/10/2016,Fri,"36,665",567,109,56,55,56,55,53,50,212,838,1111,948,1162,1067,816,802,1203,1296,1141,763,771,699,813,710,754,696,788,770,787,811,821,812,1075,1298,1086,1087,1102,1152,1292,1078,958,844,872,797,905,813,569,145
15/10/2016,Sat,"32,595",191,349,180,53,53,54,52,53,248,782,858,867,817,873,865,783,745,802,807,816,736,847,822,789,833,746,869,749,863,805,819,814,734,894,839,807,844,731,857,812,848,847,846,829,808,867,596,496
16/10/2016,Sun,"15,464",216,131,90,81,80,78,75,74,74,75,78,133,211,381,335,624,333,574,309,495,265,529,270,502,247,513,260,527,280,494,265,519,274,546,269,529,276,522,304,599,288,572,319,537,499,307,195,310
17/10/2016,Mon,"35,767",102,89,77,82,81,83,83,90,175,597,1021,979,841,1175,785,837,1207,1425,1073,818,726,729,760,873,729,799,810,735,692,692,756,737,1093,1395,1023,1090,1090,1086,1232,931,1074,866,823,781,811,804,684,326
18/10/2016,Tue,"36,072",93,82,63,65,65,65,65,65,152,772,995,1026,1033,1008,874,594,735,1016,1292,1024,695,882,834,686,857,761,733,710,717,805,751,736,1132,1379,1035,1117,1112,1170,1258,1119,929,832,849,823,901,799,765,601
19/10/2016,Wed,"37,528",505,56,50,49,49,50,50,51,209,893,1076,1113,1050,1105,913,745,1417,1430,1069,794,848,802,737,823,798,843,801,784,809,683,761,831,1066,1254,1148,1171,1076,1086,1232,1133,928,820,854,863,809,777,743,374
20/10/2016,Thu,"36,681",90,76,60,61,61,62,62,63,142,808,1173,1071,1029,1032,832,918,1202,1373,1155,803,770,777,767,706,817,695,824,759,765,648,858,785,1120,1474,1017,924,1169,1165,1260,1130,904,735,897,847,839,803,790,363
21/10/2016,Fri,"36,818",93,81,66,65,67,65,64,66,145,837,1144,988,1131,999,873,879,1160,1355,1130,798,737,806,862,782,858,607,616,505,749,858,799,753,1015,1361,1177,1121,1058,1169,1284,1128,921,859,879,849,869,761,706,723
22/10/2016,Sat,"32,356",540,99,50,51,57,59,58,59,249,784,915,809,807,797,823,946,793,823,846,803,788,751,812,741,740,696,795,839,818,818,799,806,728,778,619,756,713,828,835,795,909,785,905,794,927,938,556,719
23/10/2016,Sun,"31,545",272,85,61,65,64,64,64,63,62,62,62,66,89,276,658,1160,865,822,769,718,1070,1267,1246,991,757,756,771,979,782,797,798,856,671,880,903,764,773,971,1064,1588,987,908,733,851,970,664,677,724
24/10/2016,Mon,"46,876",353,50,50,49,48,47,46,49,155,909,894,1153,1007,934,940,826,1886,2370,2211,1380,1406,1451,1415,1414,1488,1425,1427,1337,1517,1072,892,838,1189,1354,964,1144,970,1123,1518,1088,949,743,861,840,915,808,737,634
25/10/2016,Tue,"45,449",501,49,49,51,50,51,51,50,181,866,1024,849,1109,1081,823,840,2144,2544,1896,1399,1383,1308,1442,1470,1502,1413,1508,1337,752,857,855,819,1201,1379,1052,1118,1088,1062,1121,1100,994,721,763,685,893,692,651,675
26/10/2016,Wed,"36,566",597,51,49,48,51,50,51,56,210,753,1017,994,952,1016,796,771,1346,1335,1030,842,775,733,761,703,707,813,762,790,728,782,765,874,1150,1350,1063,1079,1001,934,1407,1108,890,802,790,762,813,840,754,615
27/10/2016,Thu,"37,072",493,56,50,52,53,52,54,58,215,890,1032,1123,1073,1006,839,792,1206,1464,1127,850,819,790,845,798,797,790,816,776,703,771,841,792,1210,1319,970,1166,991,1048,1247,1029,932,723,750,764,803,827,616,654
28/10/2016,Fri,"36,535",517,56,51,49,50,49,48,55,240,828,1118,1051,1094,1061,831,836,1261,1295,1021,742,714,780,716,814,791,736,771,726,861,774,764,768,1078,1378,984,1181,1025,1151,1246,1094,719,707,810,765,913,787,746,483
29/10/2016,Sat,"29,953",376,73,64,58,60,63,63,67,111,732,609,695,712,728,786,815,488,667,862,717,891,1007,781,789,520,626,956,860,530,637,904,890,730,625,745,810,798,700,693,790,890,785,683,699,584,612,850,822
30/10/2016,Sun,"42,890",589,238,356,315,310,279,266,263,246,234,212,212,229,308,866,902,1594,1495,1449,1428,1486,1550,1513,1546,1587,1464,1536,1403,1471,1597,1362,1680,1549,1207,149,288,1054,536,853,773,768,600,938,835,786,784,1007,777
31/10/2016,Mon,"38,050",635,524,632,309,47,44,44,46,47,47,165,787,1063,1068,1045,1045,789,975,1167,1489,1078,880,825,824,644,863,777,614,936,770,805,808,867,798,1011,1228,1209,1170,1049,1237,1273,1133,990,850,884,831,871,857
01/11/2016,Tue,"38,092",721,598,474,236,54,48,47,46,46,48,138,820,1168,839,1219,1039,1015,739,1230,1386,982,808,808,861,824,831,849,792,728,780,850,791,873,876,1085,1441,1131,1147,1077,767,1477,1230,905,873,725,883,949,838
02/11/2016,Wed,"41,351",752,663,524,107,63,58,59,61,58,56,234,870,1136,1212,1293,1080,1007,957,1324,1430,1223,839,776,943,820,901,847,759,784,954,838,867,880,853,1260,1514,1126,1259,1133,1282,1479,1256,1042,939,937,952,1055,889
03/11/2016,Thu,"40,294",781,704,535,79,77,74,75,64,56,64,182,981,1135,1207,1188,1223,929,745,1350,1355,1352,861,912,880,881,807,813,799,864,795,848,801,889,805,1146,1481,1084,1221,1168,1222,1265,1156,872,895,941,836,987,909
04/11/2016,Fri,"39,967",718,689,524,59,50,45,45,46,45,53,233,827,1042,833,611,1264,1017,976,1325,1397,1239,914,710,920,802,882,832,833,868,911,875,927,956,910,1201,1168,1147,1224,1233,1210,1461,1255,1093,851,942,919,1117,768
05/11/2016,Sat,"35,150",735,743,517,200,86,85,83,74,74,76,298,852,1048,696,946,910,908,942,824,762,923,868,838,850,794,841,826,858,950,838,953,851,813,818,862,875,860,918,905,837,928,819,859,907,903,922,884,791
06/11/2016,Sun,"29,862",780,780,492,152,117,92,93,92,94,94,95,97,98,105,151,272,693,1051,699,891,884,811,776,846,809,758,792,780,799,765,815,801,736,776,784,827,794,761,923,862,911,907,777,860,879,889,926,676
07/11/2016,Mon,"35,526",722,592,411,444,88,55,53,52,57,62,268,855,1091,1175,1090,919,526,198,400,470,516,888,830,719,486,691,672,857,810,827,845,891,971,920,1232,1522,1131,1032,1020,632,1640,1462,744,830,930,878,1001,1021
08/11/2016,Tue,"41,517",681,562,216,70,315,340,69,69,69,72,245,978,1156,1137,1329,1162,1027,809,1360,1664,1144,928,843,841,829,817,822,855,899,888,882,906,915,927,1256,1449,1099,1206,1263,1253,1493,1127,928,977,944,907,916,873
09/11/2016,Wed,"38,956",729,738,603,69,62,58,57,58,56,58,269,888,1069,985,1171,1148,861,1012,1003,1146,729,682,1234,894,844,761,682,777,682,779,1010,928,895,723,704,1222,1263,1386,1270,1240,1397,1311,1113,824,919,838,917,892
10/11/2016,Thu,"39,927",785,671,611,103,51,51,52,51,52,59,205,834,1103,1045,1176,1138,888,886,1120,1483,1125,832,840,808,819,718,895,726,917,867,841,785,964,782,1325,1585,1176,1286,1123,1151,1439,1305,872,885,870,836,987,804
11/11/2016,Fri,"40,579",800,768,547,61,53,53,53,52,61,72,267,948,1153,1251,1077,1249,896,999,1320,1474,1221,830,876,817,864,779,857,829,737,951,891,969,939,928,1302,1504,813,1610,1343,1184,1007,658,878,1273,878,649,868,970
12/11/2016,Sat,"36,812",862,988,700,118,90,75,62,65,65,67,230,626,764,836,916,811,875,885,827,954,1036,1354,883,942,1053,1363,993,838,904,743,796,755,819,741,769,780,1111,1297,1107,764,860,874,891,856,862,885,873,847
13/11/2016,Sun,"4,084",727,700,563,54,57,47,46,48,49,48,48,46,47,45,45,47,45,46,47,47,45,47,45,43,44,44,45,44,44,44,44,45,44,45,45,46,48,47,47,46,48,46,47,47,48,47,48,49
14/11/2016,Mon,"37,190",49,49,51,65,51,48,50,52,55,62,210,749,934,861,1141,1082,855,880,1213,1445,1267,762,969,893,728,844,848,834,752,908,807,867,898,911,1159,1404,1094,1212,1062,1178,1487,1058,1074,861,815,642,1055,899
15/11/2016,Tue,"35,274",692,564,162,112,77,73,75,74,73,94,139,807,1019,1094,961,848,483,597,931,1421,1138,664,802,749,710,756,745,679,822,702,765,734,842,820,1078,1282,1071,924,951,1366,1155,1080,1007,875,824,844,829,764
16/11/2016,Wed,"38,438",606,573,243,125,83,75,74,75,75,87,163,725,926,982,1104,1074,954,849,1261,1506,1169,838,900,767,771,732,884,764,823,792,842,635,860,816,1046,1313,1172,1010,1391,1252,1313,1276,1053,1004,788,887,900,880
17/11/2016,Thu,"39,007",768,531,257,143,91,80,83,81,83,95,177,784,1036,1156,1268,1206,967,932,1241,1436,1203,793,923,887,707,877,826,694,902,825,707,780,591,648,1154,1344,1039,1186,1254,1042,1221,1450,1212,1035,668,729,752,1143
18/11/2016,Fri,"42,572",1010,493,365,170,106,90,91,90,89,102,169,799,1198,1195,1296,1273,981,975,1129,1679,1282,908,987,785,888,976,874,894,922,944,879,910,853,875,1228,1425,1129,1425,1283,961,1415,1640,934,1020,978,807,1109,941
19/11/2016,Sat,"38,516",687,588,787,283,69,66,68,68,70,73,231,836,999,862,1017,938,921,945,986,896,1403,1450,1206,894,1049,1144,1238,1073,554,668,800,852,1070,966,795,847,929,945,1121,924,949,939,815,700,880,1091,870,954
20/11/2016,Sun,"5,047",736,591,401,191,117,84,73,73,76,74,73,73,71,68,68,68,69,70,71,72,73,72,70,68,70,68,69,69,67,68,67,67,66,67,70,68,67,69,68,69,67,66,67,68,69,70,74,75
21/11/2016,Mon,"37,738",79,74,79,83,89,94,91,80,87,88,177,970,1149,1073,1283,1160,996,942,1274,1581,1195,901,723,871,856,791,835,893,801,902,741,677,631,907,932,1546,1202,1188,597,826,1361,1608,1167,733,648,782,947,1028
22/11/2016,Tue,"38,593",794,577,243,130,55,55,57,57,58,71,186,762,1032,877,1153,1080,967,847,1235,1451,1192,889,894,935,882,859,810,773,843,802,870,648,803,919,1207,1430,1070,808,878,1187,1401,1100,978,1055,867,962,977,867
23/11/2016,Wed,"39,879",799,506,303,121,51,52,52,53,49,64,215,665,1230,1119,1158,1204,892,958,1286,1535,1226,789,907,894,843,919,787,788,820,938,947,907,958,827,1199,1539,1246,1073,1204,1169,1333,1101,1032,834,760,934,777,816
24/11/2016,Thu,"36,981",731,452,248,99,49,51,49,51,51,57,140,711,1032,1021,851,1021,821,892,1307,1089,838,782,887,489,326,622,628,731,907,826,863,753,914,823,1184,1622,1210,1222,1179,1213,1452,1231,1000,888,785,780,1080,1023
25/11/2016,Fri,"18,606",411,243,144,80.5,48,41.5,40,40,40,42.5,94,412.5,543.5,566,566,566,441.5,426,625.5,766,559.5,401,373,388.5,366.5,384.5,399.5,229.5,180,281.5,303,411.5,446.5,442.5,486.5,796,646.5,588.5,645.5,495,464,613.5,657,478.5,429,361,231.5,409
26/11/2016,Sat,"39,012",790,801,681,184,64,65,67,77,78,74,282,830,673,1122,878,897,897,955,886,952,1162,1221,1322,799,1097,1261,1200,893,768,904,830,1091,892,929,693,771,1075,1023,1163,1256,1171,847,907,876,904,913,936,855
27/11/2016,Sun,"30,775",766,741,641,88,58,56,54,56,55,55,55,56,57,65,125,561,775,798,862,990,854,937,789,922,769,820,847,971,816,962,763,819,705,905,829,734,766,914,947,889,832,855,821,916,837,922,956,764
28/11/2016,Mon,"41,266",681,582,625,127,54,50,56,57,57,57,251,910,1094,1189,1188,1106,876,928,964,1678,1286,874,860,787,914,797,772,754,824,838,915,873,851,942,1238,1595,1095,1476,1248,1272,1469,1227,1119,970,1005,945,930,860
29/11/2016,Tue,"42,306",705,729,273,184,103,95,95,96,96,107,237,844,1170,1184,1410,1143,1257,905,1337,1685,1208,985,876,844,734,800,907,833,871,789,879,918,937,934,1305,1324,942,1019,1299,1008,1574,1510,1148,1051,1007,969,1043,937
30/11/2016,Wed,"40,126",824,598,240,131,96,98,98,96,61,89,201,458,839,1177,1355,1253,935,1014,1413,1506,1278,871,823,854,963,930,762,921,857,798,813,923,947,1002,1200,1478,1071,541,355,1052,1916,1549,1170,900,909,915,916,930
01/12/2016,Thu,"40,015",672,664,283,205,117,102,101,102,113,106,198,843,1226,1044,1095,1204,1055,959,1271,1626,1209,795,674,1056,791,877,759,648,707,824,901,889,943,835,1216,1341,1206,1255,1187,1101,1359,1220,1068,820,950,958,774,666
02/12/2016,Fri,"39,921",683,667,190,143,89,75,77,83,92,97,188,913,1098,1206,1260,1206,897,927,1385,1421,1157,825,914,925,879,909,889,897,929,912,907,877,884,875,790,1660,1458,1144,1137,1146,826,520,988,1058,1076,899,848,895
03/12/2016,Sat,"37,494",754,696,613,73,51,51,53,55,55,54,212,823,842,783,898,881,953,923,919,970,1215,1378,1163,897,963,1304,1138,795,735,583,298,607,976,974,876,1011,1146,1442,1122,929,923,683,943,1068,972,809,971,914
04/12/2016,Sun,"30,418",682,473,139,111,74,76,75,76,76,78,76,76,76,84,185,566,950,971,893,906,883,858,787,872,887,777,542,718,519,803,865,844,873,867,874,942,936,825,1138,847,892,922,856,940,953,868,974,713
05/12/2016,Mon,"39,972",815,682,594,379,74,74,74,70,63,63,219,947,1399,1139,1273,1186,1163,893,1244,1250,1142,1084,914,947,888,893,859,817,559,549,913,750,882,998,833,1065,1021,709,1025,1376,1366,1447,1301,797,855,774,832,775
06/12/2016,Tue,"40,488",765,742,635,102,45,45,55,56,62,66,284,937,1175,1096,1203,1323,948,944,1199,1633,1186,805,908,914,847,830,806,914,908,902,878,794,894,761,1198,1488,1069,1096,1213,1164,1310,1114,947,780,917,780,912,838
07/12/2016,Wed,"36,776",702,602,534,91,41,41,40,40,47,46,156,703,1235,1121,770,1191,700,670,729,1434,1286,916,798,767,704,826,778,678,741,975,775,912,893,801,1047,1393,1182,972,1160,754,1199,1119,814,1009,936,827,856,765
08/12/2016,Thu,"38,141",757,608,534,138,41,39,40,37,44,45,195,880,1079,1019,980,1091,670,1039,1108,1548,1201,757,739,786,889,800,812,733,871,869,860,690,1020,807,1002,1471,1108,1074,1048,1286,1062,1117,1075,890,770,771,854,887
09/12/2016,Fri,"37,685",735,742,379,39,38,37,36,38,42,45,201,694,809,1031,980,1014,818,971,1199,1361,1014,783,846,842,888,761,723,893,808,753,862,810,896,884,1156,1411,1134,1200,1052,1217,1234,1153,956,837,818,742,936,867
10/12/2016,Sat,"29,157",697,678,534,37,41,41,39,38,40,45,238,703,630,703,775,810,819,607,761,904,865,653,760,925,793,804,758,883,815,756,861,602,653,879,605,577,562,727,751,573,510,590,615,443,382,824,959,892
11/12/2016,Sun,"28,475",862,599,954,215,53,53,52,53,51,51,51,51,57,52,141,356,863,913,817,838,803,755,736,785,801,708,916,782,876,810,772,806,811,733,524,484,770,829,712,716,705,857,922,750,754,878,885,513
12/12/2016,Mon,"39,437",725,642,684,344,57,44,45,47,55,59,195,861,1259,1128,1233,981,1032,908,927,1440,1373,933,935,904,901,869,868,879,824,882,800,920,848,799,1069,1421,1118,510,773,1405,1269,1072,979,945,776,900,1049,750
13/12/2016,Tue,"21,882",533,485,688,214,58,47,48,49,54,48,175,798,915,1087,1110,1079,884,901,922,0,0,0,0,0,0,0,0,0,0,0,0,0,0,0,0,0,500,1103,1356,1284,1185,1054,1038,720,978,913,943,713
14/12/2016,Wed,"39,230",687,581,560,62,53,59,60,60,63,52,214,870,1105,1051,1087,1199,920,919,1311,1390,1207,757,892,920,828,668,802,714,886,808,807,752,827,741,1039,1435,1129,1162,1078,1314,1353,1166,1050,816,946,891,1119,820
15/12/2016,Thu,"40,159",789,668,592,65,60,58,53,55,59,48,232,720,1050,1057,1179,1158,932,931,1432,1408,1237,826,922,889,802,786,983,769,802,997,776,888,962,855,1285,1522,1087,1068,1259,1221,1290,1256,904,956,756,738,976,801
16/12/2016,Fri,"40,202",771,497,553,110,59,60,64,62,58,49,197,854,1167,1017,1102,1186,926,902,1309,1454,1123,961,721,945,882,934,866,889,873,900,905,837,884,829,1219,1483,1103,1335,1088,1256,1326,1068,1032,685,1025,866,967,803
17/12/2016,Sat,"32,716",611,673,623,211,58,57,56,50,46,46,137,796,697,708,740,982,837,811,808,722,802,888,800,801,982,794,809,842,925,911,798,771,810,903,842,620,818,894,575,788,767,782,877,1028,666,665,974,915
18/12/2016,Sun,"29,993",677,378,522,326,182,180,175,205,150,114,109,107,99,106,463,331,561,1018,726,747,787,867,761,870,821,879,861,854,788,817,740,869,743,822,801,877,874,762,804,783,841,844,867,865,737,685,804,794
19/12/2016,Mon,"39,798",701,589,207,47,48,46,46,46,48,48,257,700,1019,906,1199,1254,958,986,1219,1567,1077,871,880,856,838,890,884,899,801,981,833,992,820,866,1293,1572,1018,1289,1197,1266,1438,1099,901,790,877,890,950,839
20/12/2016,Tue,"40,477",764,630,528,44,46,45,51,46,44,47,257,853,1059,915,1193,1141,990,980,1187,1650,1093,827,695,893,812,929,904,803,785,1003,970,941,923,803,1154,1473,1028,1336,1165,1371,1333,1351,990,886,899,966,970,704
21/12/2016,Wed,"39,821",699,713,598,52,43,42,42,48,48,49,215,874,1104,954,1394,1034,998,733,1242,1444,1082,863,786,943,810,952,769,941,836,831,824,974,744,943,1125,1484,1139,1222,1008,1331,1327,1159,1113,694,1008,796,941,850
22/12/2016,Thu,"41,345",778,643,497,43,44,55,56,58,52,52,204,904,1171,1060,1353,1325,936,964,1190,1782,1281,818,995,901,906,955,805,742,1000,814,990,813,856,860,1191,1557,1083,1266,1249,1206,1330,1116,1019,913,839,891,1001,781
23/12/2016,Fri,"39,881",661,609,561,132,53,54,53,54,52,49,237,833,1178,1035,1243,1199,867,931,1213,1540,1176,796,914,881,810,782,868,702,980,872,775,844,797,888,1179,1169,1283,1318,1048,887,1427,1362,1202,927,953,680,929,878
24/12/2016,Sat,"31,295",662,772,484,54,50,50,51,51,51,52,270,759,896,774,911,835,911,916,938,882,992,885,861,822,915,793,882,926,930,868,857,823,812,914,926,871,860,733,953,709,871,712,975,688,198,51,49,50
25/12/2016,Sun,"2,387",49,51,49,49,51,51,50,50,52,49,49,49,49,49,48,50,50,52,53,51,48,48,48,48,51,54,51,50,51,47,48,51,49,48,50,51,50,50,50,48,48,49,48,48,51,52,50,49
26/12/2016,Mon,"2,544",49,49,49,49,51,50,50,50,51,50,51,51,50,51,51,50,50,52,50,49,50,49,49,49,48,49,49,49,48,49,48,51,50,51,52,57,61,62,63,63,60,63,62,60,71,66,59,53
27/12/2016,Tue,"41,992",53,54,55,58,58,59,61,59,61,61,226,747,968,992,984,892,976,948,941,947,1005,979,1323,1602,1618,1332,1372,1492,1188,1227,904,1028,1017,885,1060,895,1001,950,1351,1453,1672,1465,1176,1035,876,1030,1086,770
28/12/2016,Wed,"45,490",776,698,642,91,60,59,57,59,59,59,246,754,1005,908,1237,1462,1499,1441,1639,1538,1572,1094,828,873,757,867,847,1034,807,877,861,1100,1461,1462,1515,1446,1473,1471,1439,1432,928,1175,1046,1001,896,879,1128,932
29/12/2016,Thu,"43,840",792,713,485,64,63,60,59,59,59,58,266,818,1007,962,1282,1440,1492,1347,1262,1656,1511,1151,880,953,806,881,939,806,908,711,838,1099,1314,1462,1423,1397,1381,1449,1457,1380,1173,855,943,797,922,757,817,886
30/12/2016,Fri,"37,364",662,821,575,73,68,62,61,62,61,61,254,803,1055,1005,745,1052,1017,988,1089,933,1061,926,890,956,1037,935,893,1044,945,967,887,839,828,909,897,766,1022,769,908,840,929,937,1007,913,1017,978,917,900
31/12/2016,Sat,"35,640",753,734,563,75,67,60,57,53,52,53,205,850,967,839,885,966,900,868,1066,903,943,910,844,811,946,831,845,960,860,863,877,790,870,937,933,885,871,793,908,837,932,903,869,883,820,905,929,969
,,,,,,,,,,,,,,,,,,,,,,,,,,,,,,,,,,,,,,,,,,,,,,,,,,
,,,,,,,,,,,,,,,,,,,,,,,,,,,,,,,,,,,,,,,,,,,,,,,,,,
,,,,,,,,,,,,,,,,,,,,,,,,,,,,,,,,,,,,,,,,,,,,,,,,,,
,,,,,,,,,,,,,,,,,,,,,,,,,,,,,,,,,,,,,,,,,,,,,,,,,,
,,,,,,,,,,,,,,,,,,,,,,,,,,,,,,,,,,,,,,,,,,,,,,,,,,
,,,,,,,,,,,,,,,,,,,,,,,,,,,,,,,,,,,,,,,,,,,,,,,,,,
,,,,,,,,,,,,,,,,,,,,,,,,,,,,,,,,,,,,,,,,,,,,,,,,,,
,,,,,,,,,,,,,,,,,,,,,,,,,,,,,,,,,,,,,,,,,,,,,,,,,,
,,,,,,,,,,,,,,,,,,,,,,,,,,,,,,,,,,,,,,,,,,,,,,,,,,
,,,,,,,,,,,,,,,,,,,,,,,,,,,,,,,,,,,,,,,,,,,,,,,,,,
,,,,,,,,,,,,,,,,,,,,,,,,,,,,,,,,,,,,,,,,,,,,,,,,,,
,,,,,,,,,,,,,,,,,,,,,,,,,,,,,,,,,,,,,,,,,,,,,,,,,,
,,,,,,,,,,,,,,,,,,,,,,,,,,,,,,,,,,,,,,,,,,,,,,,,,,
,,,,,,,,,,,,,,,,,,,,,,,,,,,,,,,,,,,,,,,,,,,,,,,,,,
,,,,,,,,,,,,,,,,,,,,,,,,,,,,,,,,,,,,,,,,,,,,,,,,,,
,,,,,,,,,,,,,,,,,,,,,,,,,,,,,,,,,,,,,,,,,,,,,,,,,,
,,,,,,,,,,,,,,,,,,,,,,,,,,,,,,,,,,,,,,,,,,,,,,,,,,
,,,,,,,,,,,,,,,,,,,,,,,,,,,,,,,,,,,,,,,,,,,,,,,,,,
,,,,,,,,,,,,,,,,,,,,,,,,,,,,,,,,,,,,,,,,,,,,,,,,,,
,,,,,,,,,,,,,,,,,,,,,,,,,,,,,,,,,,,,,,,,,,,,,,,,,,
,,,,,,,,,,,,,,,,,,,,,,,,,,,,,,,,,,,,,,,,,,,,,,,,,,
,,,,,,,,,,,,,,,,,,,,,,,,,,,,,,,,,,,,,,,,,,,,,,,,,,
,,,,,,,,,,,,,,,,,,,,,,,,,,,,,,,,,,,,,,,,,,,,,,,,,,
,,,,,,,,,,,,,,,,,,,,,,,,,,,,,,,,,,,,,,,,,,,,,,,,,,
,,,,,,,,,,,,,,,,,,,,,,,,,,,,,,,,,,,,,,,,,,,,,,,,,,
,,,,,,,,,,,,,,,,,,,,,,,,,,,,,,,,,,,,,,,,,,,,,,,,,,
,,,,,,,,,,,,,,,,,,,,,,,,,,,,,,,,,,,,,,,,,,,,,,,,,,
,,,,,,,,,,,,,,,,,,,,,,,,,,,,,,,,,,,,,,,,,,,,,,,,,,
,,,,,,,,,,,,,,,,,,,,,,,,,,,,,,,,,,,,,,,,,,,,,,,,,,
,,,,,,,,,,,,,,,,,,,,,,,,,,,,,,,,,,,,,,,,,,,,,,,,,,
,,,,,,,,,,,,,,,,,,,,,,,,,,,,,,,,,,,,,,,,,,,,,,,,,,
,,,,,,,,,,,,,,,,,,,,,,,,,,,,,,,,,,,,,,,,,,,,,,,,,,
,,,,,,,,,,,,,,,,,,,,,,,,,,,,,,,,,,,,,,,,,,,,,,,,,,
,,,,,,,,,,,,,,,,,,,,,,,,,,,,,,,,,,,,,,,,,,,,,,,,,,
,,,,,,,,,,,,,,,,,,,,,,,,,,,,,,,,,,,,,,,,,,,,,,,,,,
,,,,,,,,,,,,,,,,,,,,,,,,,,,,,,,,,,,,,,,,,,,,,,,,,,
,,,,,,,,,,,,,,,,,,,,,,,,,,,,,,,,,,,,,,,,,,,,,,,,,,
,,,,,,,,,,,,,,,,,,,,,,,,,,,,,,,,,,,,,,,,,,,,,,,,,,
,,,,,,,,,,,,,,,,,,,,,,,,,,,,,,,,,,,,,,,,,,,,,,,,,,
,,,,,,,,,,,,,,,,,,,,,,,,,,,,,,,,,,,,,,,,,,,,,,,,,,
,,,,,,,,,,,,,,,,,,,,,,,,,,,,,,,,,,,,,,,,,,,,,,,,,,
,,,,,,,,,,,,,,,,,,,,,,,,,,,,,,,,,,,,,,,,,,,,,,,,,,
,,,,,,,,,,,,,,,,,,,,,,,,,,,,,,,,,,,,,,,,,,,,,,,,,,
,,,,,,,,,,,,,,,,,,,,,,,,,,,,,,,,,,,,,,,,,,,,,,,,,,
,,,,,,,,,,,,,,,,,,,,,,,,,,,,,,,,,,,,,,,,,,,,,,,,,,
,,,,,,,,,,,,,,,,,,,,,,,,,,,,,,,,,,,,,,,,,,,,,,,,,,
,,,,,,,,,,,,,,,,,,,,,,,,,,,,,,,,,,,,,,,,,,,,,,,,,,
,,,,,,,,,,,,,,,,,,,,,,,,,,,,,,,,,,,,,,,,,,,,,,,,,,
,,,,,,,,,,,,,,,,,,,,,,,,,,,,,,,,,,,,,,,,,,,,,,,,,,
,,,,,,,,,,,,,,,,,,,,,,,,,,,,,,,,,,,,,,,,,,,,,,,,,,
,,,,,,,,,,,,,,,,,,,,,,,,,,,,,,,,,,,,,,,,,,,,,,,,,,
,,,,,,,,,,,,,,,,,,,,,,,,,,,,,,,,,,,,,,,,,,,,,,,,,,
,,,,,,,,,,,,,,,,,,,,,,,,,,,,,,,,,,,,,,,,,,,,,,,,,,
,,,,,,,,,,,,,,,,,,,,,,,,,,,,,,,,,,,,,,,,,,,,,,,,,,
,,,,,,,,,,,,,,,,,,,,,,,,,,,,,,,,,,,,,,,,,,,,,,,,,,
,,,,,,,,,,,,,,,,,,,,,,,,,,,,,,,,,,,,,,,,,,,,,,,,,,
,,,,,,,,,,,,,,,,,,,,,,,,,,,,,,,,,,,,,,,,,,,,,,,,,,
,,,,,,,,,,,,,,,,,,,,,,,,,,,,,,,,,,,,,,,,,,,,,,,,,,
,,,,,,,,,,,,,,,,,,,,,,,,,,,,,,,,,,,,,,,,,,,,,,,,,,
,,,,,,,,,,,,,,,,,,,,,,,,,,,,,,,,,,,,,,,,,,,,,,,,,,
,,,,,,,,,,,,,,,,,,,,,,,,,,,,,,,,,,,,,,,,,,,,,,,,,,
,,,,,,,,,,,,,,,,,,,,,,,,,,,,,,,,,,,,,,,,,,,,,,,,,,
,,,,,,,,,,,,,,,,,,,,,,,,,,,,,,,,,,,,,,,,,,,,,,,,,,
,,,,,,,,,,,,,,,,,,,,,,,,,,,,,,,,,,,,,,,,,,,,,,,,,,
,,,,,,,,,,,,,,,,,,,,,,,,,,,,,,,,,,,,,,,,,,,,,,,,,,
,,,,,,,,,,,,,,,,,,,,,,,,,,,,,,,,,,,,,,,,,,,,,,,,,,
,,,,,,,,,,,,,,,,,,,,,,,,,,,,,,,,,,,,,,,,,,,,,,,,,,
,,,,,,,,,,,,,,,,,,,,,,,,,,,,,,,,,,,,,,,,,,,,,,,,,,
,,,,,,,,,,,,,,,,,,,,,,,,,,,,,,,,,,,,,,,,,,,,,,,,,,
,,,,,,,,,,,,,,,,,,,,,,,,,,,,,,,,,,,,,,,,,,,,,,,,,,
,,,,,,,,,,,,,,,,,,,,,,,,,,,,,,,,,,,,,,,,,,,,,,,,,,
,,,,,,,,,,,,,,,,,,,,,,,,,,,,,,,,,,,,,,,,,,,,,,,,,,
,,,,,,,,,,,,,,,,,,,,,,,,,,,,,,,,,,,,,,,,,,,,,,,,,,
,,,,,,,,,,,,,,,,,,,,,,,,,,,,,,,,,,,,,,,,,,,,,,,,,,
,,,,,,,,,,,,,,,,,,,,,,,,,,,,,,,,,,,,,,,,,,,,,,,,,,
,,,,,,,,,,,,,,,,,,,,,,,,,,,,,,,,,,,,,,,,,,,,,,,,,,
,,,,,,,,,,,,,,,,,,,,,,,,,,,,,,,,,,,,,,,,,,,,,,,,,,
,,,,,,,,,,,,,,,,,,,,,,,,,,,,,,,,,,,,,,,,,,,,,,,,,,
,,,,,,,,,,,,,,,,,,,,,,,,,,,,,,,,,,,,,,,,,,,,,,,,,,
,,,,,,,,,,,,,,,,,,,,,,,,,,,,,,,,,,,,,,,,,,,,,,,,,,
,,,,,,,,,,,,,,,,,,,,,,,,,,,,,,,,,,,,,,,,,,,,,,,,,,
,,,,,,,,,,,,,,,,,,,,,,,,,,,,,,,,,,,,,,,,,,,,,,,,,,
,,,,,,,,,,,,,,,,,,,,,,,,,,,,,,,,,,,,,,,,,,,,,,,,,,
,,,,,,,,,,,,,,,,,,,,,,,,,,,,,,,,,,,,,,,,,,,,,,,,,,
,,,,,,,,,,,,,,,,,,,,,,,,,,,,,,,,,,,,,,,,,,,,,,,,,,
,,,,,,,,,,,,,,,,,,,,,,,,,,,,,,,,,,,,,,,,,,,,,,,,,,
,,,,,,,,,,,,,,,,,,,,,,,,,,,,,,,,,,,,,,,,,,,,,,,,,,
,,,,,,,,,,,,,,,,,,,,,,,,,,,,,,,,,,,,,,,,,,,,,,,,,,
,,,,,,,,,,,,,,,,,,,,,,,,,,,,,,,,,,,,,,,,,,,,,,,,,,
,,,,,,,,,,,,,,,,,,,,,,,,,,,,,,,,,,,,,,,,,,,,,,,,,,
,,,,,,,,,,,,,,,,,,,,,,,,,,,,,,,,,,,,,,,,,,,,,,,,,,
,,,,,,,,,,,,,,,,,,,,,,,,,,,,,,,,,,,,,,,,,,,,,,,,,,
,,,,,,,,,,,,,,,,,,,,,,,,,,,,,,,,,,,,,,,,,,,,,,,,,,
,,,,,,,,,,,,,,,,,,,,,,,,,,,,,,,,,,,,,,,,,,,,,,,,,,
,,,,,,,,,,,,,,,,,,,,,,,,,,,,,,,,,,,,,,,,,,,,,,,,,,
,,,,,,,,,,,,,,,,,,,,,,,,,,,,,,,,,,,,,,,,,,,,,,,,,,
,,,,,,,,,,,,,,,,,,,,,,,,,,,,,,,,,,,,,,,,,,,,,,,,,,
,,,,,,,,,,,,,,,,,,,,,,,,,,,,,,,,,,,,,,,,,,,,,,,,,,
,,,,,,,,,,,,,,,,,,,,,,,,,,,,,,,,,,,,,,,,,,,,,,,,,,
,,,,,,,,,,,,,,,,,,,,,,,,,,,,,,,,,,,,,,,,,,,,,,,,,,
,,,,,,,,,,,,,,,,,,,,,,,,,,,,,,,,,,,,,,,,,,,,,,,,,,
,,,,,,,,,,,,,,,,,,,,,,,,,,,,,,,,,,,,,,,,,,,,,,,,,,
,,,,,,,,,,,,,,,,,,,,,,,,,,,,,,,,,,,,,,,,,,,,,,,,,,
,,,,,,,,,,,,,,,,,,,,,,,,,,,,,,,,,,,,,,,,,,,,,,,,,,
,,,,,,,,,,,,,,,,,,,,,,,,,,,,,,,,,,,,,,,,,,,,,,,,,,
,,,,,,,,,,,,,,,,,,,,,,,,,,,,,,,,,,,,,,,,,,,,,,,,,,
,,,,,,,,,,,,,,,,,,,,,,,,,,,,,,,,,,,,,,,,,,,,,,,,,,
,,,,,,,,,,,,,,,,,,,,,,,,,,,,,,,,,,,,,,,,,,,,,,,,,,
,,,,,,,,,,,,,,,,,,,,,,,,,,,,,,,,,,,,,,,,,,,,,,,,,,
,,,,,,,,,,,,,,,,,,,,,,,,,,,,,,,,,,,,,,,,,,,,,,,,,,
,,,,,,,,,,,,,,,,,,,,,,,,,,,,,,,,,,,,,,,,,,,,,,,,,,
,,,,,,,,,,,,,,,,,,,,,,,,,,,,,,,,,,,,,,,,,,,,,,,,,,
,,,,,,,,,,,,,,,,,,,,,,,,,,,,,,,,,,,,,,,,,,,,,,,,,,
,,,,,,,,,,,,,,,,,,,,,,,,,,,,,,,,,,,,,,,,,,,,,,,,,,
,,,,,,,,,,,,,,,,,,,,,,,,,,,,,,,,,,,,,,,,,,,,,,,,,,
,,,,,,,,,,,,,,,,,,,,,,,,,,,,,,,,,,,,,,,,,,,,,,,,,,
,,,,,,,,,,,,,,,,,,,,,,,,,,,,,,,,,,,,,,,,,,,,,,,,,,
,,,,,,,,,,,,,,,,,,,,,,,,,,,,,,,,,,,,,,,,,,,,,,,,,,
,,,,,,,,,,,,,,,,,,,,,,,,,,,,,,,,,,,,,,,,,,,,,,,,,,
,,,,,,,,,,,,,,,,,,,,,,,,,,,,,,,,,,,,,,,,,,,,,,,,,,
,,,,,,,,,,,,,,,,,,,,,,,,,,,,,,,,,,,,,,,,,,,,,,,,,,
,,,,,,,,,,,,,,,,,,,,,,,,,,,,,,,,,,,,,,,,,,,,,,,,,,
,,,,,,,,,,,,,,,,,,,,,,,,,,,,,,,,,,,,,,,,,,,,,,,,,,
,,,,,,,,,,,,,,,,,,,,,,,,,,,,,,,,,,,,,,,,,,,,,,,,,,
,,,,,,,,,,,,,,,,,,,,,,,,,,,,,,,,,,,,,,,,,,,,,,,,,,
,,,,,,,,,,,,,,,,,,,,,,,,,,,,,,,,,,,,,,,,,,,,,,,,,,
,,,,,,,,,,,,,,,,,,,,,,,,,,,,,,,,,,,,,,,,,,,,,,,,,,
,,,,,,,,,,,,,,,,,,,,,,,,,,,,,,,,,,,,,,,,,,,,,,,,,,
,,,,,,,,,,,,,,,,,,,,,,,,,,,,,,,,,,,,,,,,,,,,,,,,,,
,,,,,,,,,,,,,,,,,,,,,,,,,,,,,,,,,,,,,,,,,,,,,,,,,,
,,,,,,,,,,,,,,,,,,,,,,,,,,,,,,,,,,,,,,,,,,,,,,,,,,
,,,,,,,,,,,,,,,,,,,,,,,,,,,,,,,,,,,,,,,,,,,,,,,,,,
,,,,,,,,,,,,,,,,,,,,,,,,,,,,,,,,,,,,,,,,,,,,,,,,,,
,,,,,,,,,,,,,,,,,,,,,,,,,,,,,,,,,,,,,,,,,,,,,,,,,,
,,,,,,,,,,,,,,,,,,,,,,,,,,,,,,,,,,,,,,,,,,,,,,,,,,
,,,,,,,,,,,,,,,,,,,,,,,,,,,,,,,,,,,,,,,,,,,,,,,,,,
,,,,,,,,,,,,,,,,,,,,,,,,,,,,,,,,,,,,,,,,,,,,,,,,,,
,,,,,,,,,,,,,,,,,,,,,,,,,,,,,,,,,,,,,,,,,,,,,,,,,,
,,,,,,,,,,,,,,,,,,,,,,,,,,,,,,,,,,,,,,,,,,,,,,,,,,
,,,,,,,,,,,,,,,,,,,,,,,,,,,,,,,,,,,,,,,,,,,,,,,,,,
,,,,,,,,,,,,,,,,,,,,,,,,,,,,,,,,,,,,,,,,,,,,,,,,,,
,,,,,,,,,,,,,,,,,,,,,,,,,,,,,,,,,,,,,,,,,,,,,,,,,,
,,,,,,,,,,,,,,,,,,,,,,,,,,,,,,,,,,,,,,,,,,,,,,,,,,
,,,,,,,,,,,,,,,,,,,,,,,,,,,,,,,,,,,,,,,,,,,,,,,,,,
,,,,,,,,,,,,,,,,,,,,,,,,,,,,,,,,,,,,,,,,,,,,,,,,,,
,,,,,,,,,,,,,,,,,,,,,,,,,,,,,,,,,,,,,,,,,,,,,,,,,,
,,,,,,,,,,,,,,,,,,,,,,,,,,,,,,,,,,,,,,,,,,,,,,,,,,
,,,,,,,,,,,,,,,,,,,,,,,,,,,,,,,,,,,,,,,,,,,,,,,,,,
,,,,,,,,,,,,,,,,,,,,,,,,,,,,,,,,,,,,,,,,,,,,,,,,,,
,,,,,,,,,,,,,,,,,,,,,,,,,,,,,,,,,,,,,,,,,,,,,,,,,,
,,,,,,,,,,,,,,,,,,,,,,,,,,,,,,,,,,,,,,,,,,,,,,,,,,
,,,,,,,,,,,,,,,,,,,,,,,,,,,,,,,,,,,,,,,,,,,,,,,,,,
,,,,,,,,,,,,,,,,,,,,,,,,,,,,,,,,,,,,,,,,,,,,,,,,,,
,,,,,,,,,,,,,,,,,,,,,,,,,,,,,,,,,,,,,,,,,,,,,,,,,,
,,,,,,,,,,,,,,,,,,,,,,,,,,,,,,,,,,,,,,,,,,,,,,,,,,
,,,,,,,,,,,,,,,,,,,,,,,,,,,,,,,,,,,,,,,,,,,,,,,,,,
,,,,,,,,,,,,,,,,,,,,,,,,,,,,,,,,,,,,,,,,,,,,,,,,,,
,,,,,,,,,,,,,,,,,,,,,,,,,,,,,,,,,,,,,,,,,,,,,,,,,,
,,,,,,,,,,,,,,,,,,,,,,,,,,,,,,,,,,,,,,,,,,,,,,,,,,
,,,,,,,,,,,,,,,,,,,,,,,,,,,,,,,,,,,,,,,,,,,,,,,,,,
,,,,,,,,,,,,,,,,,,,,,,,,,,,,,,,,,,,,,,,,,,,,,,,,,,
,,,,,,,,,,,,,,,,,,,,,,,,,,,,,,,,,,,,,,,,,,,,,,,,,,
,,,,,,,,,,,,,,,,,,,,,,,,,,,,,,,,,,,,,,,,,,,,,,,,,,
,,,,,,,,,,,,,,,,,,,,,,,,,,,,,,,,,,,,,,,,,,,,,,,,,,
,,,,,,,,,,,,,,,,,,,,,,,,,,,,,,,,,,,,,,,,,,,,,,,,,,
,,,,,,,,,,,,,,,,,,,,,,,,,,,,,,,,,,,,,,,,,,,,,,,,,,
,,,,,,,,,,,,,,,,,,,,,,,,,,,,,,,,,,,,,,,,,,,,,,,,,,
,,,,,,,,,,,,,,,,,,,,,,,,,,,,,,,,,,,,,,,,,,,,,,,,,,
,,,,,,,,,,,,,,,,,,,,,,,,,,,,,,,,,,,,,,,,,,,,,,,,,,
,,,,,,,,,,,,,,,,,,,,,,,,,,,,,,,,,,,,,,,,,,,,,,,,,,
,,,,,,,,,,,,,,,,,,,,,,,,,,,,,,,,,,,,,,,,,,,,,,,,,,
,,,,,,,,,,,,,,,,,,,,,,,,,,,,,,,,,,,,,,,,,,,,,,,,,,
,,,,,,,,,,,,,,,,,,,,,,,,,,,,,,,,,,,,,,,,,,,,,,,,,,
,,,,,,,,,,,,,,,,,,,,,,,,,,,,,,,,,,,,,,,,,,,,,,,,,,
,,,,,,,,,,,,,,,,,,,,,,,,,,,,,,,,,,,,,,,,,,,,,,,,,,
,,,,,,,,,,,,,,,,,,,,,,,,,,,,,,,,,,,,,,,,,,,,,,,,,,
,,,,,,,,,,,,,,,,,,,,,,,,,,,,,,,,,,,,,,,,,,,,,,,,,,
,,,,,,,,,,,,,,,,,,,,,,,,,,,,,,,,,,,,,,,,,,,,,,,,,,
,,,,,,,,,,,,,,,,,,,,,,,,,,,,,,,,,,,,,,,,,,,,,,,,,,
,,,,,,,,,,,,,,,,,,,,,,,,,,,,,,,,,,,,,,,,,,,,,,,,,,
,,,,,,,,,,,,,,,,,,,,,,,,,,,,,,,,,,,,,,,,,,,,,,,,,,
,,,,,,,,,,,,,,,,,,,,,,,,,,,,,,,,,,,,,,,,,,,,,,,,,,
,,,,,,,,,,,,,,,,,,,,,,,,,,,,,,,,,,,,,,,,,,,,,,,,,,
,,,,,,,,,,,,,,,,,,,,,,,,,,,,,,,,,,,,,,,,,,,,,,,,,,
,,,,,,,,,,,,,,,,,,,,,,,,,,,,,,,,,,,,,,,,,,,,,,,,,,
,,,,,,,,,,,,,,,,,,,,,,,,,,,,,,,,,,,,,,,,,,,,,,,,,,
,,,,,,,,,,,,,,,,,,,,,,,,,,,,,,,,,,,,,,,,,,,,,,,,,,
,,,,,,,,,,,,,,,,,,,,,,,,,,,,,,,,,,,,,,,,,,,,,,,,,,
,,,,,,,,,,,,,,,,,,,,,,,,,,,,,,,,,,,,,,,,,,,,,,,,,,
,,,,,,,,,,,,,,,,,,,,,,,,,,,,,,,,,,,,,,,,,,,,,,,,,,
,,,,,,,,,,,,,,,,,,,,,,,,,,,,,,,,,,,,,,,,,,,,,,,,,,
,,,,,,,,,,,,,,,,,,,,,,,,,,,,,,,,,,,,,,,,,,,,,,,,,,
,,,,,,,,,,,,,,,,,,,,,,,,,,,,,,,,,,,,,,,,,,,,,,,,,,
,,,,,,,,,,,,,,,,,,,,,,,,,,,,,,,,,,,,,,,,,,,,,,,,,,
,,,,,,,,,,,,,,,,,,,,,,,,,,,,,,,,,,,,,,,,,,,,,,,,,,
,,,,,,,,,,,,,,,,,,,,,,,,,,,,,,,,,,,,,,,,,,,,,,,,,,
,,,,,,,,,,,,,,,,,,,,,,,,,,,,,,,,,,,,,,,,,,,,,,,,,,
,,,,,,,,,,,,,,,,,,,,,,,,,,,,,,,,,,,,,,,,,,,,,,,,,,
,,,,,,,,,,,,,,,,,,,,,,,,,,,,,,,,,,,,,,,,,,,,,,,,,,
,,,,,,,,,,,,,,,,,,,,,,,,,,,,,,,,,,,,,,,,,,,,,,,,,,
,,,,,,,,,,,,,,,,,,,,,,,,,,,,,,,,,,,,,,,,,,,,,,,,,,
,,,,,,,,,,,,,,,,,,,,,,,,,,,,,,,,,,,,,,,,,,,,,,,,,,
,,,,,,,,,,,,,,,,,,,,,,,,,,,,,,,,,,,,,,,,,,,,,,,,,,
,,,,,,,,,,,,,,,,,,,,,,,,,,,,,,,,,,,,,,,,,,,,,,,,,,
,,,,,,,,,,,,,,,,,,,,,,,,,,,,,,,,,,,,,,,,,,,,,,,,,,
,,,,,,,,,,,,,,,,,,,,,,,,,,,,,,,,,,,,,,,,,,,,,,,,,,
,,,,,,,,,,,,,,,,,,,,,,,,,,,,,,,,,,,,,,,,,,,,,,,,,,
,,,,,,,,,,,,,,,,,,,,,,,,,,,,,,,,,,,,,,,,,,,,,,,,,,
,,,,,,,,,,,,,,,,,,,,,,,,,,,,,,,,,,,,,,,,,,,,,,,,,,
,,,,,,,,,,,,,,,,,,,,,,,,,,,,,,,,,,,,,,,,,,,,,,,,,,
,,,,,,,,,,,,,,,,,,,,,,,,,,,,,,,,,,,,,,,,,,,,,,,,,,
,,,,,,,,,,,,,,,,,,,,,,,,,,,,,,,,,,,,,,,,,,,,,,,,,,
,,,,,,,,,,,,,,,,,,,,,,,,,,,,,,,,,,,,,,,,,,,,,,,,,,
,,,,,,,,,,,,,,,,,,,,,,,,,,,,,,,,,,,,,,,,,,,,,,,,,,
,,,,,,,,,,,,,,,,,,,,,,,,,,,,,,,,,,,,,,,,,,,,,,,,,,
,,,,,,,,,,,,,,,,,,,,,,,,,,,,,,,,,,,,,,,,,,,,,,,,,,
,,,,,,,,,,,,,,,,,,,,,,,,,,,,,,,,,,,,,,,,,,,,,,,,,,
,,,,,,,,,,,,,,,,,,,,,,,,,,,,,,,,,,,,,,,,,,,,,,,,,,
,,,,,,,,,,,,,,,,,,,,,,,,,,,,,,,,,,,,,,,,,,,,,,,,,,
,,,,,,,,,,,,,,,,,,,,,,,,,,,,,,,,,,,,,,,,,,,,,,,,,,
,,,,,,,,,,,,,,,,,,,,,,,,,,,,,,,,,,,,,,,,,,,,,,,,,,
,,,,,,,,,,,,,,,,,,,,,,,,,,,,,,,,,,,,,,,,,,,,,,,,,,
,,,,,,,,,,,,,,,,,,,,,,,,,,,,,,,,,,,,,,,,,,,,,,,,,,
,,,,,,,,,,,,,,,,,,,,,,,,,,,,,,,,,,,,,,,,,,,,,,,,,,
,,,,,,,,,,,,,,,,,,,,,,,,,,,,,,,,,,,,,,,,,,,,,,,,,,
,,,,,,,,,,,,,,,,,,,,,,,,,,,,,,,,,,,,,,,,,,,,,,,,,,
,,,,,,,,,,,,,,,,,,,,,,,,,,,,,,,,,,,,,,,,,,,,,,,,,,
,,,,,,,,,,,,,,,,,,,,,,,,,,,,,,,,,,,,,,,,,,,,,,,,,,
,,,,,,,,,,,,,,,,,,,,,,,,,,,,,,,,,,,,,,,,,,,,,,,,,,
,,,,,,,,,,,,,,,,,,,,,,,,,,,,,,,,,,,,,,,,,,,,,,,,,,
,,,,,,,,,,,,,,,,,,,,,,,,,,,,,,,,,,,,,,,,,,,,,,,,,,
,,,,,,,,,,,,,,,,,,,,,,,,,,,,,,,,,,,,,,,,,,,,,,,,,,
,,,,,,,,,,,,,,,,,,,,,,,,,,,,,,,,,,,,,,,,,,,,,,,,,,
,,,,,,,,,,,,,,,,,,,,,,,,,,,,,,,,,,,,,,,,,,,,,,,,,,
,,,,,,,,,,,,,,,,,,,,,,,,,,,,,,,,,,,,,,,,,,,,,,,,,,
,,,,,,,,,,,,,,,,,,,,,,,,,,,,,,,,,,,,,,,,,,,,,,,,,,
,,,,,,,,,,,,,,,,,,,,,,,,,,,,,,,,,,,,,,,,,,,,,,,,,,
