route_variant,seq,from_station,to_station,stop_type,distance_miles,avg_elevation_m,run_min,wait_min
ADDLESTONE - BARNES,1,ADDLESTONE,CHERTSEY,stop,1.67,17.1,3,0
ADDLESTONE - QUEENSTOWN ROAD(BATTERSEA),1,ADDLESTONE,CHERTSEY,stop,1.67,17.1,3,0
ADDLESTONE - STAINES,1,ADDLESTONE,CHERTSEY,stop,1.67,17.1,3,0
ADDLESTONE - WANDSWORTH TOWN,1,ADDLESTONE,CHERTSEY,stop,1.67,17.1,3,0
ALDERSHOT - WEYBRIDGE,1,BROOKWOOD,WOKING,stop,3.79,65.0,15,0
ALDERSHOT - WEYBRIDGE,2,WOKING,WEYBRIDGE,stop,11.17,40.0,25,5
ALDERSHOT - WOKING,1,BROOKWOOD,WOKING,stop,3.79,65.0,15,0
ALTON - SURBITON,1,BROOKWOOD,WOKING,stop,3.79,65.0,5,0
ALTON - SURBITON,2,WOKING,WEST BYFLEET,stop,3.0,79.0,5,1
ALTON - SURBITON,3,BROOKWOOD,WOKING,stop,3.79,65.0,5,0
ALTON - SURBITON,4,WOKING,WEST BYFLEET,stop,3.0,79.0,5,1
ALTON - SURBITON,5,WEST BYFLEET,BYFLEET & NEW HAW,stop,2.0,57.6,3,0
ALTON - SURBITON,6,BROOKWOOD,WOKING,stop,3.79,65.0,5,0
ALTON - SURBITON,7,WOKING,WEST BYFLEET,stop,3.0,79.0,5,1
ALTON - SURBITON,8,WEST BYFLEET,WEYBRIDGE,stop,3.0,59.0,4,0
ALTON - SURBITON (2),1,BROOKWOOD,WOKING,stop,3.79,65.0,5,0
ALTON - SURBITON (2),2,WOKING,WEST BYFLEET,stop,3.0,79.0,5,1
ALTON - SURBITON (2),3,BROOKWOOD,WOKING,stop,3.79,65.0,5,0
ALTON - SURBITON (2),4,WOKING,WEST BYFLEET,stop,3.0,79.0,5,1
ALTON - SURBITON (2),5,WEST BYFLEET,BYFLEET & NEW HAW,stop,2.0,57.6,3,0
ALTON - SURBITON (2),6,BROOKWOOD,WOKING,stop,3.79,65.0,5,0
ALTON - SURBITON (2),7,WOKING,WEST BYFLEET,stop,3.0,79.0,5,1
ALTON - SURBITON (2),8,WEST BYFLEET,WEYBRIDGE,stop,3.0,59.0,4,0
ALTON - SURBITON (3),1,BROOKWOOD,WOKING,stop,3.79,65.0,5,0
ALTON - SURBITON (3),2,WOKING,WEYBRIDGE,stop,11.17,40.0,6,5
ALTON - SURBITON (3),3,BROOKWOOD,WOKING,stop,3.79,65.0,5,0
ALTON - SURBITON (3),4,WOKING,BYFLEET & NEW HAW,stop,4.59,38.6,4,5
ALTON - SURBITON (3),5,BYFLEET & NEW HAW,WEYBRIDGE,pass,6.79,18.6,2,0
ALTON - SURBITON (4),1,BROOKWOOD,WOKING,stop,3.79,65.0,5,0
ALTON - SURBITON (4),2,WOKING,WEST BYFLEET,stop,3.0,79.0,4,2
ALTON - SURBITON (4),3,WEST BYFLEET,WEYBRIDGE,stop,3.0,59.0,4,1
ALTON - SURBITON (4),4,BROOKWOOD,WOKING,stop,3.79,65.0,5,0
ALTON - SURBITON (4),5,WOKING,WEST BYFLEET,stop,3.0,79.0,4,2
ALTON - SURBITON (4),6,WEST BYFLEET,BYFLEET & NEW HAW,stop,2.0,57.6,2,1
ALTON - SURBITON (4),7,BYFLEET & NEW HAW,WEYBRIDGE,pass,6.79,18.6,2,0
ALTON - SURBITON (5),1,BROOKWOOD,WOKING,stop,3.79,65.0,5,0
ALTON - SURBITON (5),2,WOKING,WEST BYFLEET,stop,3.0,79.0,4,2
ALTON - SURBITON (5),3,WEST BYFLEET,WEYBRIDGE,stop,3.0,59.0,4,1
ALTON - SURBITON (5),4,BROOKWOOD,WOKING,stop,3.79,65.0,5,0
ALTON - SURBITON (5),5,WOKING,WEST BYFLEET,stop,3.0,79.0,4,2
ALTON - SURBITON (5),6,WEST BYFLEET,BYFLEET & NEW HAW,stop,2.0,57.6,2,1
ALTON - SURBITON (5),7,BYFLEET & NEW HAW,WEYBRIDGE,pass,6.79,18.6,2,0
ALTON - WALTON-ON-THAMES,1,BROOKWOOD,WOKING,stop,3.79,65.0,6,0
ALTON - WALTON-ON-THAMES,2,BROOKWOOD,WOKING,stop,3.79,65.0,6,0
ALTON - WALTON-ON-THAMES,3,WOKING,BYFLEET & NEW HAW,stop,4.59,38.6,5,1
ALTON - WALTON-ON-THAMES,4,BROOKWOOD,WOKING,stop,3.79,65.0,6,0
ALTON - WALTON-ON-THAMES,5,WOKING,WEYBRIDGE,stop,11.17,40.0,6,1
ALTON - WOKING,1,BROOKWOOD,WOKING,stop,3.79,65.0,5,0
ALTON - WOKING (2),1,BROOKWOOD,WOKING,stop,3.79,65.0,5,0
ANDOVER - WOKING,1,GUILDFORD,WOKING,stop,6.69,57.5,25,5
ANDOVER - WOKING (2),1,GUILDFORD,WOKING,stop,6.69,57.5,25,7
BARNES - WOKING,1,CHERTSEY,ADDLESTONE,stop,1.67,17.1,3,0
BARNES - WOKING,2,ADDLESTONE,BYFLEET & NEW HAW,stop,1.81,17.2,5,0
BARNES - WOKING,3,BYFLEET & NEW HAW,WEST BYFLEET,stop,2.0,57.6,3,0
BARNES - WOKING,4,WEST BYFLEET,WOKING,stop,3.0,79.0,5,1
BARNES - WOKING (2),1,CHERTSEY,ADDLESTONE,stop,1.67,17.1,3,1
BARNES - WOKING (2),2,ADDLESTONE,BYFLEET & NEW HAW,stop,1.81,17.2,4,0
BARNES - WOKING (2),3,BYFLEET & NEW HAW,WEST BYFLEET,stop,2.0,57.6,3,0
BARNES - WOKING (2),4,WEST BYFLEET,WOKING,stop,3.0,79.0,6,0
BASINGSTOKE - SURBITON,1,BROOKWOOD,WOKING,stop,3.79,65.0,5,0
BASINGSTOKE - SURBITON,2,BROOKWOOD,WOKING,stop,3.79,65.0,5,0
BASINGSTOKE - SURBITON,3,WOKING,BYFLEET & NEW HAW,stop,4.59,38.6,5,1
BASINGSTOKE - SURBITON,4,BYFLEET & NEW HAW,WEYBRIDGE,pass,6.79,18.6,1,0
BASINGSTOKE - SURBITON (2),1,BROOKWOOD,WOKING,stop,3.79,65.0,5,0
BASINGSTOKE - SURBITON (2),2,WOKING,WEYBRIDGE,stop,11.17,40.0,6,1
BASINGSTOKE - SURBITON (2),3,BROOKWOOD,WOKING,stop,3.79,65.0,5,0
BASINGSTOKE - SURBITON (2),4,WOKING,WEST BYFLEET,stop,3.0,79.0,4,4
BASINGSTOKE - SURBITON (2),5,WEST BYFLEET,BYFLEET & NEW HAW,stop,2.0,57.6,2,1
BASINGSTOKE - SURBITON (2),6,BYFLEET & NEW HAW,WEYBRIDGE,pass,6.79,18.6,2,0
BASINGSTOKE - SURBITON (3),1,BROOKWOOD,WOKING,stop,3.79,65.0,5,0
BASINGSTOKE - SURBITON (3),2,WOKING,WEST BYFLEET,stop,3.0,79.0,4,4
BASINGSTOKE - SURBITON (3),3,WEST BYFLEET,WEYBRIDGE,stop,3.0,59.0,4,1
BASINGSTOKE - SURBITON (3),4,BROOKWOOD,WOKING,stop,3.79,65.0,5,0
BASINGSTOKE - SURBITON (3),5,WOKING,BYFLEET & NEW HAW,stop,4.59,38.6,4,8
BASINGSTOKE - SURBITON (3),6,BYFLEET & NEW HAW,WEYBRIDGE,pass,6.79,18.6,2,0
BASINGSTOKE - SURBITON (4),1,BROOKWOOD,WOKING,stop,3.79,65.0,5,0
BASINGSTOKE - SURBITON (4),2,WOKING,WEYBRIDGE,stop,11.17,40.0,6,8
BASINGSTOKE - WEYBRIDGE,1,BROOKWOOD,WOKING,stop,3.79,65.0,15,0
BASINGSTOKE - WEYBRIDGE,2,WOKING,WEYBRIDGE,stop,11.17,40.0,25,0
BASINGSTOKE - WEYBRIDGE,3,WOKING,WEYBRIDGE,pass,11.17,40.0,5,0
BASINGSTOKE - WEYBRIDGE,4,BYFLEET & NEW HAW,WEYBRIDGE,pass,6.79,18.6,2,0
BASINGSTOKE - WOKING,1,BROOKWOOD,WOKING,stop,3.79,65.0,5,0
EARLSFIELD - FARNHAM,1,ESHER,HERSHAM,stop,1.72,17.1,4,0
EARLSFIELD - FARNHAM,2,WEYBRIDGE,BYFLEET & NEW HAW,stop,6.79,18.6,3,1
EARLSFIELD - FARNHAM,3,BYFLEET & NEW HAW,WEST BYFLEET,stop,2.0,57.6,3,0
EARLSFIELD - FARNHAM,4,WEST BYFLEET,WOKING,stop,3.0,79.0,4,1
EARLSFIELD - FARNHAM,5,WOKING,BROOKWOOD,stop,3.79,65.0,6,1
EARLSFIELD - GUILDFORD,1,ESHER,HERSHAM,stop,1.72,17.1,3,0
EARLSFIELD - GUILDFORD,2,WEYBRIDGE,BYFLEET & NEW HAW,stop,6.79,18.6,2,1
EARLSFIELD - GUILDFORD,3,BYFLEET & NEW HAW,WEST BYFLEET,stop,2.0,57.6,3,0
EARLSFIELD - GUILDFORD,4,WEST BYFLEET,WOKING,stop,3.0,79.0,5,0
EARLSFIELD - GUILDFORD,5,WOKING,WORPLESDON,stop,2.73,38.8,6,8
EARLSFIELD - GUILDFORD,6,WORPLESDON,GUILDFORD,stop,4.13,36.3,6,0
EARLSFIELD - GUILDFORD,7,ESHER,HERSHAM,stop,1.72,17.1,3,0
EARLSFIELD - GUILDFORD,8,WEYBRIDGE,BYFLEET & NEW HAW,stop,6.79,18.6,3,0
EARLSFIELD - GUILDFORD,9,BYFLEET & NEW HAW,WEST BYFLEET,stop,2.0,57.6,3,0
EARLSFIELD - GUILDFORD,10,WEST BYFLEET,WOKING,stop,3.0,79.0,4,0
EARLSFIELD - GUILDFORD,11,WOKING,GUILDFORD,stop,6.69,57.5,8,2
EARLSFIELD - WEYBRIDGE,1,ESHER,HERSHAM,stop,1.72,17.1,3,0
EARLSFIELD - WOKING,1,ESHER,HERSHAM,stop,1.72,17.1,3,0
EARLSFIELD - WOKING,2,WEYBRIDGE,BYFLEET & NEW HAW,stop,6.79,18.6,3,0
EARLSFIELD - WOKING,3,BYFLEET & NEW HAW,WEST BYFLEET,stop,2.0,57.6,3,0
EARLSFIELD - WOKING,4,WEST BYFLEET,WOKING,stop,3.0,79.0,5,0
EARLSFIELD - WOKING (2),1,ESHER,HERSHAM,stop,1.72,17.1,3,0
EARLSFIELD - WOKING (2),2,WEYBRIDGE,BYFLEET & NEW HAW,stop,6.79,18.6,2,1
EARLSFIELD - WOKING (2),3,BYFLEET & NEW HAW,WEST BYFLEET,stop,2.0,57.6,3,0
EARLSFIELD - WOKING (2),4,WEST BYFLEET,WOKING,stop,3.0,79.0,5,0
EARLSFIELD - WOKING (3),1,WEST BYFLEET,WOKING,stop,3.0,79.0,4,1
EARLSFIELD - WOKING (3),2,BYFLEET & NEW HAW,WEST BYFLEET,pass,2.0,57.6,1,0
EARLSFIELD - WOKING (3),3,WEST BYFLEET,WOKING,stop,3.0,79.0,4,1
EARLSFIELD - WOKING (3),4,WEYBRIDGE,WEST BYFLEET,pass,3.0,59.0,2,0
EARLSFIELD - WOKING (3),5,WEST BYFLEET,WOKING,stop,3.0,79.0,4,1
EASTLEIGH - SURBITON,1,BROOKWOOD,WOKING,stop,3.79,65.0,5,0
EASTLEIGH - SURBITON,2,WOKING,WEST BYFLEET,stop,3.0,79.0,5,1
EASTLEIGH - SURBITON,3,WEST BYFLEET,WEYBRIDGE,stop,3.0,59.0,4,0
EASTLEIGH - SURBITON,4,BROOKWOOD,WOKING,stop,3.79,65.0,5,0
EASTLEIGH - SURBITON,5,WOKING,WEST BYFLEET,stop,3.0,79.0,5,1
EASTLEIGH - SURBITON,6,WEST BYFLEET,BYFLEET & NEW HAW,stop,2.0,57.6,3,0
EASTLEIGH - SURBITON,7,BYFLEET & NEW HAW,WEYBRIDGE,pass,6.79,18.6,1,0
EASTLEIGH - SURBITON (2),1,BROOKWOOD,WOKING,stop,3.79,65.0,5,0
EASTLEIGH - SURBITON (2),2,WOKING,WEYBRIDGE,stop,11.17,40.0,6,1
EASTLEIGH - SURBITON (2),3,BROOKWOOD,WOKING,stop,3.79,65.0,5,0
EASTLEIGH - SURBITON (2),4,WOKING,BYFLEET & NEW HAW,stop,4.59,38.6,4,1
EASTLEIGH - SURBITON (2),5,BYFLEET & NEW HAW,WEYBRIDGE,pass,6.79,18.6,2,0
EASTLEIGH - WOKING,1,BROOKWOOD,WOKING,stop,3.79,65.0,7,0
FAREHAM - SURBITON,1,BROOKWOOD,WOKING,stop,3.79,65.0,5,0
FAREHAM - SURBITON,2,WOKING,WEYBRIDGE,stop,11.17,40.0,6,1
FAREHAM - SURBITON,3,BROOKWOOD,WOKING,stop,3.79,65.0,5,0
FAREHAM - SURBITON,4,WOKING,BYFLEET & NEW HAW,stop,4.59,38.6,5,1
FAREHAM - SURBITON,5,BYFLEET & NEW HAW,WEYBRIDGE,pass,6.79,18.6,1,0
FAREHAM - SURBITON (2),1,BROOKWOOD,WOKING,stop,3.79,65.0,5,0
FAREHAM - SURBITON (2),2,WOKING,WEYBRIDGE,stop,11.17,40.0,6,1
FAREHAM - SURBITON (2),3,BROOKWOOD,WOKING,stop,3.79,65.0,5,0
FAREHAM - SURBITON (2),4,WOKING,BYFLEET & NEW HAW,stop,4.59,38.6,4,1
FAREHAM - SURBITON (2),5,BYFLEET & NEW HAW,WEYBRIDGE,pass,6.79,18.6,2,0
FAREHAM - WOKING,1,HASLEMERE,GODALMING,stop,9.17,18.4,9,3
FAREHAM - WOKING,2,GODALMING,FARNCOMBE,stop,1.17,18.1,3,1
FAREHAM - WOKING,3,FARNCOMBE,GUILDFORD,stop,3.33,36.5,5,0
FAREHAM - WOKING,4,GUILDFORD,WORPLESDON,stop,4.13,36.3,5,2
FAREHAM - WOKING,5,WORPLESDON,WOKING,stop,2.73,38.8,4,1
FAREHAM - WOKING,6,BROOKWOOD,WOKING,stop,3.79,65.0,5,0
FAREHAM - WOKING (2),1,HASLEMERE,GODALMING,stop,9.17,18.4,9,2
FAREHAM - WOKING (2),2,GODALMING,FARNCOMBE,stop,1.17,18.1,2,2
FAREHAM - WOKING (2),3,FARNCOMBE,GUILDFORD,stop,3.33,36.5,6,1
FAREHAM - WOKING (2),4,GUILDFORD,WOKING,stop,6.69,57.5,8,2
FAREHAM - WOKING (3),1,HASLEMERE,WITLEY,stop,5.09,18.5,6,14
FAREHAM - WOKING (3),2,WITLEY,MILFORD,stop,2.46,18.2,4,0
FAREHAM - WOKING (3),3,MILFORD,GODALMING,stop,1.98,18.1,3,1
FAREHAM - WOKING (3),4,GODALMING,FARNCOMBE,stop,1.17,18.1,3,1
FAREHAM - WOKING (3),5,FARNCOMBE,GUILDFORD,stop,3.33,36.5,5,0
FAREHAM - WOKING (3),6,GUILDFORD,WORPLESDON,stop,4.13,36.3,5,2
FAREHAM - WOKING (3),7,WORPLESDON,WOKING,stop,2.73,38.8,6,1
FARNHAM - SURBITON,1,BROOKWOOD,WOKING,stop,3.79,65.0,5,0
FARNHAM - SURBITON,2,WOKING,WEST BYFLEET,stop,3.0,79.0,5,1
FARNHAM - SURBITON,3,BROOKWOOD,WOKING,stop,3.79,65.0,5,0
FARNHAM - SURBITON,4,WOKING,WEST BYFLEET,stop,3.0,79.0,5,1
FARNHAM - SURBITON,5,WEST BYFLEET,BYFLEET & NEW HAW,stop,2.0,57.6,3,0
FARNHAM - SURBITON,6,BROOKWOOD,WOKING,stop,3.79,65.0,5,0
FARNHAM - SURBITON,7,WOKING,WEST BYFLEET,stop,3.0,79.0,5,1
FARNHAM - SURBITON,8,WEST BYFLEET,WEYBRIDGE,stop,3.0,59.0,4,0
FARNHAM - SURBITON (2),1,BROOKWOOD,WOKING,stop,3.79,65.0,5,0
FARNHAM - SURBITON (2),2,WOKING,WEST BYFLEET,stop,3.0,79.0,4,2
FARNHAM - SURBITON (2),3,WEST BYFLEET,WEYBRIDGE,stop,3.0,59.0,4,1
FARNHAM - SURBITON (2),4,BROOKWOOD,WOKING,stop,3.79,65.0,5,0
FARNHAM - SURBITON (2),5,WOKING,WEST BYFLEET,stop,3.0,79.0,4,2
FARNHAM - SURBITON (2),6,WEST BYFLEET,BYFLEET & NEW HAW,stop,2.0,57.6,2,1
FARNHAM - SURBITON (2),7,BYFLEET & NEW HAW,WEYBRIDGE,pass,6.79,18.6,2,0
FARNHAM - WEYBRIDGE,1,BROOKWOOD,WOKING,stop,3.79,65.0,15,0
FARNHAM - WEYBRIDGE,2,WOKING,WEYBRIDGE,stop,11.17,40.0,25,5
FARNHAM - WOKING,1,BROOKWOOD,WOKING,stop,3.79,65.0,5,0
FARNHAM E M U T DPT - HASLEMERE,1,FARNCOMBE,HASLEMERE,pass,10.34,18.3,15,0
FARNHAM E M U T DPT - HASLEMERE,2,GUILDFORD,HASLEMERE,pass,13.62,36.8,20,0
FARNHAM E M U T DPT - WOKING,1,GUILDFORD,WOKING,pass,6.69,57.5,8,0
FRATTON PORTSMOUTH - WOKING,1,HASLEMERE,WITLEY,stop,5.09,18.5,6,1
FRATTON PORTSMOUTH - WOKING,2,WITLEY,MILFORD,stop,2.46,18.2,4,0
FRATTON PORTSMOUTH - WOKING,3,MILFORD,GODALMING,stop,1.98,18.1,4,0
FRATTON PORTSMOUTH - WOKING,4,GODALMING,FARNCOMBE,stop,1.17,18.1,3,0
FRATTON PORTSMOUTH - WOKING,5,FARNCOMBE,GUILDFORD,stop,3.33,36.5,5,0
FRATTON PORTSMOUTH - WOKING,6,GUILDFORD,WORPLESDON,stop,4.13,36.3,5,2
FRATTON PORTSMOUTH - WOKING,7,WORPLESDON,WOKING,stop,2.73,38.8,5,0
GUILDFORD - EARLSFIELD,1,GUILDFORD,WORPLESDON,stop,4.13,36.3,5,0
GUILDFORD - EARLSFIELD,2,WORPLESDON,WOKING,stop,2.73,38.8,6,0
GUILDFORD - EARLSFIELD,3,WOKING,WEST BYFLEET,stop,3.0,79.0,4,5
GUILDFORD - EARLSFIELD,4,WEST BYFLEET,BYFLEET & NEW HAW,stop,2.0,57.6,3,0
GUILDFORD - EARLSFIELD,5,BYFLEET & NEW HAW,WEYBRIDGE,stop,6.79,18.6,3,0
GUILDFORD - EARLSFIELD,6,HERSHAM,ESHER,stop,1.72,17.1,3,0
GUILDFORD - EARLSFIELD (2),1,GUILDFORD,WOKING,stop,6.69,57.5,8,0
GUILDFORD - EARLSFIELD (2),2,WOKING,WEST BYFLEET,stop,3.0,79.0,4,2
GUILDFORD - EARLSFIELD (2),3,WEST BYFLEET,BYFLEET & NEW HAW,stop,2.0,57.6,3,0
GUILDFORD - EARLSFIELD (2),4,BYFLEET & NEW HAW,WEYBRIDGE,stop,6.79,18.6,3,0
GUILDFORD - EARLSFIELD (2),5,HERSHAM,ESHER,stop,1.72,17.1,3,0
GUILDFORD - HASLEMERE,1,GUILDFORD,FARNCOMBE,stop,3.33,36.5,6,2
GUILDFORD - HASLEMERE,2,FARNCOMBE,GODALMING,stop,1.17,18.1,3,0
GUILDFORD - HASLEMERE,3,GODALMING,MILFORD,stop,1.98,18.1,4,0
GUILDFORD - HASLEMERE,4,MILFORD,WITLEY,stop,2.46,18.2,4,0
GUILDFORD - HASLEMERE,5,WITLEY,HASLEMERE,stop,5.09,18.5,7,1
GUILDFORD - HASLEMERE (2),1,GUILDFORD,FARNCOMBE,stop,3.33,36.5,5,0
GUILDFORD - HASLEMERE (2),2,FARNCOMBE,HASLEMERE,pass,10.34,18.3,10,0
GUILDFORD - HAVANT,1,GUILDFORD,FARNCOMBE,stop,3.33,36.5,5,3
GUILDFORD - HAVANT,2,FARNCOMBE,GODALMING,stop,1.17,18.1,3,0
GUILDFORD - HAVANT,3,GODALMING,MILFORD,stop,1.98,18.1,4,0
GUILDFORD - HAVANT,4,MILFORD,WITLEY,stop,2.46,18.2,4,0
GUILDFORD - HAVANT,5,WITLEY,HASLEMERE,stop,5.09,18.5,7,1
GUILDFORD - HAVANT (2),1,GUILDFORD,HASLEMERE,stop,13.62,36.8,14,0
GUILDFORD - HAVANT (2),2,GUILDFORD,FARNCOMBE,stop,3.33,36.5,4,0
GUILDFORD - HAVANT (2),3,FARNCOMBE,HASLEMERE,pass,10.34,18.3,10,0
GUILDFORD - HAVANT (3),1,GUILDFORD,HASLEMERE,stop,13.62,36.8,22,0
GUILDFORD - HAVANT (3),2,GUILDFORD,FARNCOMBE,stop,3.33,36.5,10,0
GUILDFORD - HEATHROW TERMINAL 5 BUSES ONLY,1,GUILDFORD,WOKING,stop,6.69,57.5,23,0
GUILDFORD - PETERSFIELD,1,GUILDFORD,HASLEMERE,stop,13.62,36.8,14,0
GUILDFORD - PETERSFIELD,2,GUILDFORD,FARNCOMBE,stop,3.33,36.5,4,0
GUILDFORD - PETERSFIELD,3,FARNCOMBE,HASLEMERE,pass,10.34,18.3,10,0
GUILDFORD - POOLE,1,GUILDFORD,HASLEMERE,stop,13.62,36.8,24,1
GUILDFORD - POOLE,2,GUILDFORD,FARNCOMBE,stop,3.33,36.5,10,1
GUILDFORD - POOLE (2),1,GUILDFORD,HASLEMERE,stop,13.62,36.8,24,1
GUILDFORD - POOLE (2),2,GUILDFORD,FARNCOMBE,stop,3.33,36.5,10,1
GUILDFORD - PORTSMOUTH & SOUTHSEA,1,GUILDFORD,FARNCOMBE,stop,3.33,36.5,6,2
GUILDFORD - PORTSMOUTH & SOUTHSEA,2,FARNCOMBE,GODALMING,stop,1.17,18.1,3,0
GUILDFORD - PORTSMOUTH & SOUTHSEA,3,GODALMING,MILFORD,stop,1.98,18.1,4,0
GUILDFORD - PORTSMOUTH & SOUTHSEA,4,MILFORD,WITLEY,stop,2.46,18.2,4,0
GUILDFORD - PORTSMOUTH & SOUTHSEA,5,WITLEY,HASLEMERE,stop,5.09,18.5,8,0
GUILDFORD - PORTSMOUTH & SOUTHSEA (2),1,GUILDFORD,HASLEMERE,stop,13.62,36.8,13,0
GUILDFORD - PORTSMOUTH & SOUTHSEA (2),2,GUILDFORD,FARNCOMBE,stop,3.33,36.5,4,0
GUILDFORD - PORTSMOUTH HARBOUR,1,GUILDFORD,FARNCOMBE,stop,3.33,36.5,17,0
GUILDFORD - PORTSMOUTH HARBOUR,2,FARNCOMBE,GODALMING,stop,1.17,18.1,8,0
GUILDFORD - PORTSMOUTH HARBOUR,3,GODALMING,MILFORD,stop,1.98,18.1,8,0
GUILDFORD - PORTSMOUTH HARBOUR,4,MILFORD,WITLEY,stop,2.46,18.2,10,0
GUILDFORD - PORTSMOUTH HARBOUR,5,WITLEY,HASLEMERE,stop,5.09,18.5,15,0
GUILDFORD - PORTSMOUTH HARBOUR (2),1,GUILDFORD,HASLEMERE,stop,13.62,36.8,14,0
GUILDFORD - PORTSMOUTH HARBOUR (2),2,GUILDFORD,FARNCOMBE,stop,3.33,36.5,4,0
GUILDFORD - PORTSMOUTH HARBOUR (2),3,FARNCOMBE,HASLEMERE,pass,10.34,18.3,10,0
GUILDFORD - PORTSMOUTH HARBOUR (3),1,GUILDFORD,HASLEMERE,stop,13.62,36.8,20,0
GUILDFORD - PORTSMOUTH HARBOUR (3),2,GUILDFORD,FARNCOMBE,stop,3.33,36.5,4,0
GUILDFORD - PORTSMOUTH HARBOUR (4),1,GUILDFORD,FARNCOMBE,stop,3.33,36.5,6,0
GUILDFORD - PORTSMOUTH HARBOUR (4),2,FARNCOMBE,GODALMING,stop,1.17,18.1,3,0
GUILDFORD - PORTSMOUTH HARBOUR (4),3,GODALMING,MILFORD,stop,1.98,18.1,4,0
GUILDFORD - PORTSMOUTH HARBOUR (4),4,MILFORD,WITLEY,stop,2.46,18.2,4,0
GUILDFORD - PORTSMOUTH HARBOUR (4),5,WITLEY,HASLEMERE,stop,5.09,18.5,7,0
GUILDFORD - SOUTHAMPTON CENTRAL,1,GUILDFORD,HASLEMERE,stop,13.62,36.8,13,2
GUILDFORD - SOUTHAMPTON CENTRAL,2,GUILDFORD,FARNCOMBE,stop,3.33,36.5,4,2
GUILDFORD - SOUTHAMPTON CENTRAL (2),1,GUILDFORD,WOKING,stop,6.69,57.5,25,0
GUILDFORD - SURBITON,1,GUILDFORD,WOKING,stop,6.69,57.5,7,0
GUILDFORD - SURBITON,2,WOKING,WEST BYFLEET,stop,3.0,79.0,5,2
GUILDFORD - SURBITON,3,WEST BYFLEET,BYFLEET & NEW HAW,stop,2.0,57.6,3,0
GUILDFORD - SURBITON,4,BYFLEET & NEW HAW,WEYBRIDGE,stop,6.79,18.6,4,0
GUILDFORD - SURBITON,5,HERSHAM,ESHER,stop,1.72,17.1,3,0
GUILDFORD - WEYBRIDGE,1,GUILDFORD,WORPLESDON,stop,4.13,36.3,18,0
GUILDFORD - WEYBRIDGE,2,WORPLESDON,WOKING,stop,2.73,38.8,7,0
GUILDFORD - WEYBRIDGE,3,WOKING,WEST BYFLEET,stop,3.0,79.0,9,0
GUILDFORD - WEYBRIDGE,4,WEST BYFLEET,BYFLEET & NEW HAW,stop,2.0,57.6,9,0
GUILDFORD - WEYBRIDGE,5,BYFLEET & NEW HAW,WEYBRIDGE,stop,6.79,18.6,14,0
GUILDFORD - WEYBRIDGE,6,GUILDFORD,WOKING,stop,6.69,57.5,25,0
GUILDFORD - WEYBRIDGE,7,WOKING,WEST BYFLEET,stop,3.0,79.0,9,0
GUILDFORD - WEYBRIDGE,8,WEST BYFLEET,BYFLEET & NEW HAW,stop,2.0,57.6,9,0
GUILDFORD - WEYBRIDGE,9,BYFLEET & NEW HAW,WEYBRIDGE,stop,6.79,18.6,14,0
GUILDFORD - WEYMOUTH,1,GUILDFORD,HASLEMERE,stop,13.62,36.8,24,1
GUILDFORD - WEYMOUTH,2,GUILDFORD,FARNCOMBE,stop,3.33,36.5,10,1
GUILDFORD - WOKING,1,GUILDFORD,WOKING,stop,6.69,57.5,8,0
HASLEMERE - GUILDFORD,1,HASLEMERE,WITLEY,stop,5.09,18.5,7,0
HASLEMERE - GUILDFORD,2,WITLEY,MILFORD,stop,2.46,18.2,4,0
HASLEMERE - GUILDFORD,3,MILFORD,GODALMING,stop,1.98,18.1,3,0
HASLEMERE - GUILDFORD,4,GODALMING,FARNCOMBE,stop,1.17,18.1,2,1
HASLEMERE - GUILDFORD,5,FARNCOMBE,GUILDFORD,stop,3.33,36.5,5,1
HASLEMERE - HASLEMERE,1,HASLEMERE,FARNCOMBE,stop,10.34,18.3,9,0
HASLEMERE - HASLEMERE,2,HASLEMERE,GUILDFORD,stop,13.62,36.8,13,0
HASLEMERE - HASLEMERE (2),1,FARNCOMBE,HASLEMERE,pass,10.34,18.3,15,0
HASLEMERE - HASLEMERE (2),2,GUILDFORD,HASLEMERE,pass,13.62,36.8,25,0
HASLEMERE - WOKING,1,HASLEMERE,WITLEY,stop,5.09,18.5,7,0
HASLEMERE - WOKING,2,WITLEY,MILFORD,stop,2.46,18.2,4,0
HASLEMERE - WOKING,3,MILFORD,GODALMING,stop,1.98,18.1,3,0
HASLEMERE - WOKING,4,GODALMING,FARNCOMBE,stop,1.17,18.1,2,1
HASLEMERE - WOKING,5,FARNCOMBE,GUILDFORD,stop,3.33,36.5,5,1
HASLEMERE - WOKING,6,GUILDFORD,WORPLESDON,stop,4.13,36.3,5,2
HASLEMERE - WOKING,7,WORPLESDON,WOKING,stop,2.73,38.8,4,1
HASLEMERE - WOKING (2),1,HASLEMERE,GODALMING,stop,9.17,18.4,9,0
HASLEMERE - WOKING (2),2,GODALMING,FARNCOMBE,stop,1.17,18.1,3,1
HASLEMERE - WOKING (2),3,FARNCOMBE,GUILDFORD,stop,3.33,36.5,5,0
HASLEMERE - WOKING (2),4,GUILDFORD,WOKING,stop,6.69,57.5,8,2
HASLEMERE - WOKING (3),1,HASLEMERE,GODALMING,stop,9.17,18.4,10,0
HASLEMERE - WOKING (3),2,GODALMING,GUILDFORD,stop,4.46,36.5,6,0
HASLEMERE - WOKING (3),3,GUILDFORD,WOKING,stop,6.69,57.5,7,2
HASLEMERE - WOKING (4),1,HASLEMERE,WITLEY,stop,5.09,18.5,6,0
HASLEMERE - WOKING (4),2,WITLEY,MILFORD,stop,2.46,18.2,4,0
HASLEMERE - WOKING (4),3,MILFORD,GODALMING,stop,1.98,18.1,4,0
HASLEMERE - WOKING (4),4,GODALMING,FARNCOMBE,stop,1.17,18.1,3,0
HASLEMERE - WOKING (4),5,FARNCOMBE,GUILDFORD,stop,3.33,36.5,5,0
HASLEMERE - WOKING (4),6,GUILDFORD,WOKING,stop,6.69,57.5,8,1
HAVANT - GUILDFORD,1,HASLEMERE,WITLEY,stop,5.09,18.5,7,0
HAVANT - GUILDFORD,2,WITLEY,MILFORD,stop,2.46,18.2,4,0
HAVANT - GUILDFORD,3,MILFORD,GODALMING,stop,1.98,18.1,3,0
HAVANT - GUILDFORD,4,GODALMING,FARNCOMBE,stop,1.17,18.1,3,0
HAVANT - GUILDFORD,5,FARNCOMBE,GUILDFORD,stop,3.33,36.5,6,0
HAVANT - GUILDFORD (2),1,HASLEMERE,GODALMING,stop,9.17,18.4,9,2
HAVANT - GUILDFORD (2),2,GODALMING,GUILDFORD,stop,4.46,36.5,7,1
HAVANT - GUILDFORD (2),3,HASLEMERE,GODALMING,stop,9.17,18.4,9,2
HAVANT - GUILDFORD (2),4,GODALMING,FARNCOMBE,stop,1.17,18.1,2,1
HAVANT - GUILDFORD (2),5,FARNCOMBE,GUILDFORD,pass,3.33,36.5,5,0
HAVANT - GUILDFORD (3),1,HASLEMERE,GODALMING,stop,9.17,18.4,9,1
HAVANT - GUILDFORD (3),2,GODALMING,GUILDFORD,stop,4.46,36.5,6,1
HAVANT - GUILDFORD (3),3,HASLEMERE,GODALMING,stop,9.17,18.4,9,1
HAVANT - GUILDFORD (3),4,GODALMING,FARNCOMBE,stop,1.17,18.1,2,1
HAVANT - GUILDFORD (3),5,FARNCOMBE,GUILDFORD,pass,3.33,36.5,4,0
HAVANT - SURBITON,1,HASLEMERE,WITLEY,stop,5.09,18.5,7,0
HAVANT - SURBITON,2,WITLEY,MILFORD,stop,2.46,18.2,4,0
HAVANT - SURBITON,3,MILFORD,GODALMING,stop,1.98,18.1,3,0
HAVANT - SURBITON,4,GODALMING,FARNCOMBE,stop,1.17,18.1,2,1
HAVANT - SURBITON,5,FARNCOMBE,GUILDFORD,stop,3.33,36.5,5,1
HAVANT - SURBITON,6,GUILDFORD,WORPLESDON,stop,4.13,36.3,6,1
HAVANT - SURBITON,7,WORPLESDON,WOKING,stop,2.73,38.8,5,1
HAVANT - WOKING,1,HASLEMERE,GODALMING,stop,9.17,18.4,9,1
HAVANT - WOKING,2,GODALMING,GUILDFORD,stop,4.46,36.5,6,1
HAVANT - WOKING,3,GUILDFORD,WOKING,stop,6.69,57.5,7,1
HAVANT - WOKING,4,HASLEMERE,GODALMING,stop,9.17,18.4,9,1
HAVANT - WOKING,5,GODALMING,FARNCOMBE,stop,1.17,18.1,2,1
HAVANT - WOKING,6,FARNCOMBE,GUILDFORD,pass,3.33,36.5,4,0
HAVANT - WOKING,7,GUILDFORD,WOKING,stop,6.69,57.5,7,1
HAVANT - WOKING (2),1,HASLEMERE,GODALMING,stop,9.17,18.4,9,2
HAVANT - WOKING (2),2,GODALMING,FARNCOMBE,stop,1.17,18.1,3,1
HAVANT - WOKING (2),3,FARNCOMBE,GUILDFORD,stop,3.33,36.5,5,0
HAVANT - WOKING (2),4,GUILDFORD,WOKING,stop,6.69,57.5,8,2
HAVANT - WOKING (3),1,HASLEMERE,WITLEY,stop,5.09,18.5,7,11
HAVANT - WOKING (3),2,WITLEY,MILFORD,stop,2.46,18.2,4,0
HAVANT - WOKING (3),3,MILFORD,GODALMING,stop,1.98,18.1,4,0
HAVANT - WOKING (3),4,GODALMING,FARNCOMBE,stop,1.17,18.1,2,1
HAVANT - WOKING (3),5,FARNCOMBE,GUILDFORD,stop,3.33,36.5,5,1
HAVANT - WOKING (3),6,GUILDFORD,WORPLESDON,stop,4.13,36.3,6,1
HAVANT - WOKING (3),7,WORPLESDON,WOKING,stop,2.73,38.8,7,0
HAVANT - WOKING (4),1,HASLEMERE,WITLEY,stop,5.09,18.5,7,1
HAVANT - WOKING (4),2,WITLEY,MILFORD,stop,2.46,18.2,4,0
HAVANT - WOKING (4),3,MILFORD,GODALMING,stop,1.98,18.1,3,1
HAVANT - WOKING (4),4,GODALMING,FARNCOMBE,stop,1.17,18.1,3,1
HAVANT - WOKING (4),5,FARNCOMBE,GUILDFORD,stop,3.33,36.5,5,0
HAVANT - WOKING (4),6,GUILDFORD,WORPLESDON,stop,4.13,36.3,5,3
HAVANT - WOKING (4),7,WORPLESDON,WOKING,stop,2.73,38.8,5,1
HAVANT - WOKING (5),1,HASLEMERE,GODALMING,stop,9.17,18.4,9,2
HAVANT - WOKING (5),2,GODALMING,GUILDFORD,stop,4.46,36.5,6,2
HAVANT - WOKING (5),3,GUILDFORD,WOKING,stop,6.69,57.5,8,2
HAVANT - WOKING (5),4,HASLEMERE,GODALMING,stop,9.17,18.4,9,2
HAVANT - WOKING (5),5,GODALMING,FARNCOMBE,stop,1.17,18.1,2,2
HAVANT - WOKING (5),6,FARNCOMBE,GUILDFORD,pass,3.33,36.5,4,0
HAVANT - WOKING (5),7,GUILDFORD,WOKING,stop,6.69,57.5,8,2
HAVANT - WOKING (6),1,HASLEMERE,GODALMING,stop,9.17,18.4,9,3
HAVANT - WOKING (6),2,GODALMING,GUILDFORD,stop,4.46,36.5,6,1
HAVANT - WOKING (6),3,GUILDFORD,WOKING,stop,6.69,57.5,8,2
HEATHROW TERMINAL 5 BUSES ONLY - GUILDFORD,1,WOKING,GUILDFORD,stop,6.69,57.5,28,0
HOUNSLOW - WOKING,1,CHERTSEY,ADDLESTONE,stop,1.67,17.1,8,0
HOUNSLOW - WOKING,2,ADDLESTONE,BYFLEET & NEW HAW,stop,1.81,17.2,10,0
HOUNSLOW - WOKING,3,BYFLEET & NEW HAW,WEST BYFLEET,stop,2.0,57.6,9,0
HOUNSLOW - WOKING,4,WEST BYFLEET,WOKING,stop,3.0,79.0,9,0
PETERSFIELD - GUILDFORD,1,HASLEMERE,WITLEY,stop,5.09,18.5,7,1
PETERSFIELD - GUILDFORD,2,WITLEY,MILFORD,stop,2.46,18.2,4,0
PETERSFIELD - GUILDFORD,3,MILFORD,GODALMING,stop,1.98,18.1,3,0
PETERSFIELD - GUILDFORD,4,GODALMING,FARNCOMBE,stop,1.17,18.1,2,1
PETERSFIELD - GUILDFORD,5,FARNCOMBE,GUILDFORD,stop,3.33,36.5,5,1
PETERSFIELD - SURBITON,1,HASLEMERE,WITLEY,stop,5.09,18.5,6,1
PETERSFIELD - SURBITON,2,WITLEY,MILFORD,stop,2.46,18.2,4,0
PETERSFIELD - SURBITON,3,MILFORD,GODALMING,stop,1.98,18.1,4,0
PETERSFIELD - SURBITON,4,GODALMING,FARNCOMBE,stop,1.17,18.1,3,0
PETERSFIELD - SURBITON,5,FARNCOMBE,GUILDFORD,stop,3.33,36.5,5,0
PETERSFIELD - SURBITON,6,GUILDFORD,WORPLESDON,stop,4.13,36.3,5,3
PETERSFIELD - SURBITON,7,WORPLESDON,WOKING,stop,2.73,38.8,6,1
PETERSFIELD - WOKING,1,HASLEMERE,GODALMING,stop,9.17,18.4,9,1
PETERSFIELD - WOKING,2,GODALMING,FARNCOMBE,stop,1.17,18.1,2,1
PETERSFIELD - WOKING,3,FARNCOMBE,GUILDFORD,stop,3.33,36.5,5,1
PETERSFIELD - WOKING,4,GUILDFORD,WOKING,stop,6.69,57.5,7,1
PETERSFIELD - WOKING (2),1,HASLEMERE,GODALMING,stop,9.17,18.4,9,1
PETERSFIELD - WOKING (2),2,GODALMING,GUILDFORD,stop,4.46,36.5,6,1
PETERSFIELD - WOKING (2),3,GUILDFORD,WOKING,stop,6.69,57.5,7,1
PETERSFIELD - WOKING (2),4,HASLEMERE,GODALMING,stop,9.17,18.4,9,1
PETERSFIELD - WOKING (2),5,GODALMING,FARNCOMBE,stop,1.17,18.1,2,1
PETERSFIELD - WOKING (2),6,FARNCOMBE,GUILDFORD,pass,3.33,36.5,4,0
PETERSFIELD - WOKING (2),7,GUILDFORD,WOKING,stop,6.69,57.5,7,1
PETERSFIELD - WOKING (3),1,HASLEMERE,WITLEY,stop,5.09,18.5,6,1
PETERSFIELD - WOKING (3),2,WITLEY,MILFORD,stop,2.46,18.2,4,0
PETERSFIELD - WOKING (3),3,MILFORD,GODALMING,stop,1.98,18.1,4,0
PETERSFIELD - WOKING (3),4,GODALMING,FARNCOMBE,stop,1.17,18.1,3,0
PETERSFIELD - WOKING (3),5,FARNCOMBE,GUILDFORD,stop,3.33,36.5,6,0
PETERSFIELD - WOKING (3),6,GUILDFORD,WOKING,stop,6.69,57.5,7,2
POOLE - GUILDFORD,1,HASLEMERE,GUILDFORD,pass,13.62,36.8,17,0
POOLE - GUILDFORD,2,FARNCOMBE,GUILDFORD,pass,3.33,36.5,9,0
POOLE - SURBITON,1,BROOKWOOD,WOKING,stop,3.79,65.0,5,0
POOLE - SURBITON,2,WOKING,WEST BYFLEET,stop,3.0,79.0,4,2
POOLE - SURBITON,3,WEST BYFLEET,WEYBRIDGE,stop,3.0,59.0,4,1
POOLE - SURBITON,4,BROOKWOOD,WOKING,stop,3.79,65.0,5,0
POOLE - SURBITON,5,WOKING,WEST BYFLEET,stop,3.0,79.0,4,2
POOLE - SURBITON,6,WEST BYFLEET,BYFLEET & NEW HAW,stop,2.0,57.6,2,1
POOLE - SURBITON,7,BYFLEET & NEW HAW,WEYBRIDGE,pass,6.79,18.6,2,0
POOLE - WOKING,1,HASLEMERE,GUILDFORD,pass,13.62,36.8,16,0
POOLE - WOKING,2,GUILDFORD,WOKING,stop,6.69,57.5,9,1
POOLE - WOKING,3,FARNCOMBE,GUILDFORD,pass,3.33,36.5,6,0
POOLE - WOKING,4,GUILDFORD,WOKING,stop,6.69,57.5,9,1
POOLE - WOKING,5,GUILDFORD,WOKING,stop,6.69,57.5,9,1
PORTSMOUTH & SOUTHSEA - WOKING,1,HASLEMERE,WITLEY,stop,5.09,18.5,6,15
PORTSMOUTH & SOUTHSEA - WOKING,2,WITLEY,MILFORD,stop,2.46,18.2,4,0
PORTSMOUTH & SOUTHSEA - WOKING,3,MILFORD,GODALMING,stop,1.98,18.1,4,0
PORTSMOUTH & SOUTHSEA - WOKING,4,GODALMING,FARNCOMBE,stop,1.17,18.1,3,0
PORTSMOUTH & SOUTHSEA - WOKING,5,FARNCOMBE,GUILDFORD,stop,3.33,36.5,5,0
PORTSMOUTH & SOUTHSEA - WOKING,6,GUILDFORD,WORPLESDON,stop,4.13,36.3,5,2
PORTSMOUTH & SOUTHSEA - WOKING,7,WORPLESDON,WOKING,stop,2.73,38.8,4,1
PORTSMOUTH & SOUTHSEA - WOKING (2),1,HASLEMERE,WITLEY,stop,5.09,18.5,7,16
PORTSMOUTH & SOUTHSEA - WOKING (2),2,WITLEY,MILFORD,stop,2.46,18.2,4,0
PORTSMOUTH & SOUTHSEA - WOKING (2),3,MILFORD,GODALMING,stop,1.98,18.1,4,0
PORTSMOUTH & SOUTHSEA - WOKING (2),4,GODALMING,FARNCOMBE,stop,1.17,18.1,2,1
PORTSMOUTH & SOUTHSEA - WOKING (2),5,FARNCOMBE,GUILDFORD,stop,3.33,36.5,5,1
PORTSMOUTH & SOUTHSEA - WOKING (2),6,GUILDFORD,WORPLESDON,stop,4.13,36.3,5,2
PORTSMOUTH & SOUTHSEA - WOKING (2),7,WORPLESDON,WOKING,stop,2.73,38.8,5,1
PORTSMOUTH HARBOUR - GUILDFORD,1,HASLEMERE,GODALMING,stop,9.17,18.4,10,1
PORTSMOUTH HARBOUR - GUILDFORD,2,GODALMING,GUILDFORD,stop,4.46,36.5,6,1
PORTSMOUTH HARBOUR - GUILDFORD,3,HASLEMERE,GODALMING,stop,9.17,18.4,10,1
PORTSMOUTH HARBOUR - GUILDFORD,4,GODALMING,FARNCOMBE,stop,1.17,18.1,2,1
PORTSMOUTH HARBOUR - GUILDFORD,5,FARNCOMBE,GUILDFORD,pass,3.33,36.5,4,0
PORTSMOUTH HARBOUR - GUILDFORD (2),1,HASLEMERE,WITLEY,stop,5.09,18.5,20,0
PORTSMOUTH HARBOUR - GUILDFORD (2),2,WITLEY,MILFORD,stop,2.46,18.2,10,0
PORTSMOUTH HARBOUR - GUILDFORD (2),3,MILFORD,GODALMING,stop,1.98,18.1,8,0
PORTSMOUTH HARBOUR - GUILDFORD (2),4,GODALMING,FARNCOMBE,stop,1.17,18.1,8,0
PORTSMOUTH HARBOUR - GUILDFORD (2),5,FARNCOMBE,GUILDFORD,stop,3.33,36.5,17,0
PORTSMOUTH HARBOUR - GUILDFORD (3),1,HASLEMERE,WITLEY,stop,5.09,18.5,6,1
PORTSMOUTH HARBOUR - GUILDFORD (3),2,WITLEY,MILFORD,stop,2.46,18.2,4,0
PORTSMOUTH HARBOUR - GUILDFORD (3),3,MILFORD,GODALMING,stop,1.98,18.1,4,0
PORTSMOUTH HARBOUR - GUILDFORD (3),4,GODALMING,FARNCOMBE,stop,1.17,18.1,3,0
PORTSMOUTH HARBOUR - GUILDFORD (3),5,FARNCOMBE,GUILDFORD,stop,3.33,36.5,5,0
PORTSMOUTH HARBOUR - SURBITON,1,HASLEMERE,WITLEY,stop,5.09,18.5,7,0
PORTSMOUTH HARBOUR - SURBITON,2,WITLEY,MILFORD,stop,2.46,18.2,4,0
PORTSMOUTH HARBOUR - SURBITON,3,MILFORD,GODALMING,stop,1.98,18.1,3,0
PORTSMOUTH HARBOUR - SURBITON,4,GODALMING,FARNCOMBE,stop,1.17,18.1,2,1
PORTSMOUTH HARBOUR - SURBITON,5,FARNCOMBE,GUILDFORD,stop,3.33,36.5,5,1
PORTSMOUTH HARBOUR - SURBITON,6,GUILDFORD,WORPLESDON,stop,4.13,36.3,5,4
PORTSMOUTH HARBOUR - SURBITON,7,WORPLESDON,WOKING,stop,2.73,38.8,4,1
PORTSMOUTH HARBOUR - SURBITON,8,BROOKWOOD,WOKING,stop,3.79,65.0,5,0
PORTSMOUTH HARBOUR - SURBITON,9,WOKING,WEYBRIDGE,stop,11.17,40.0,6,1
PORTSMOUTH HARBOUR - SURBITON,10,BROOKWOOD,WOKING,stop,3.79,65.0,5,0
PORTSMOUTH HARBOUR - SURBITON,11,WOKING,BYFLEET & NEW HAW,stop,4.59,38.6,5,1
PORTSMOUTH HARBOUR - SURBITON,12,BYFLEET & NEW HAW,WEYBRIDGE,pass,6.79,18.6,1,0
PORTSMOUTH HARBOUR - SURBITON (2),1,HASLEMERE,GODALMING,stop,9.17,18.4,10,0
PORTSMOUTH HARBOUR - SURBITON (2),2,GODALMING,GUILDFORD,stop,4.46,36.5,6,0
PORTSMOUTH HARBOUR - SURBITON (2),3,HASLEMERE,GODALMING,stop,9.17,18.4,10,0
PORTSMOUTH HARBOUR - SURBITON (2),4,GODALMING,FARNCOMBE,stop,1.17,18.1,2,0
PORTSMOUTH HARBOUR - SURBITON (2),5,FARNCOMBE,GUILDFORD,pass,3.33,36.5,4,0
PORTSMOUTH HARBOUR - SURBITON (2),6,BROOKWOOD,WOKING,stop,3.79,65.0,5,0
PORTSMOUTH HARBOUR - SURBITON (2),7,WOKING,WEYBRIDGE,stop,11.17,40.0,6,1
PORTSMOUTH HARBOUR - SURBITON (2),8,BROOKWOOD,WOKING,stop,3.79,65.0,5,0
PORTSMOUTH HARBOUR - SURBITON (2),9,WOKING,BYFLEET & NEW HAW,stop,4.59,38.6,4,1
PORTSMOUTH HARBOUR - SURBITON (2),10,BYFLEET & NEW HAW,WEYBRIDGE,pass,6.79,18.6,2,0
PORTSMOUTH HARBOUR - SURBITON (3),1,HASLEMERE,WITLEY,stop,5.09,18.5,6,1
PORTSMOUTH HARBOUR - SURBITON (3),2,WITLEY,MILFORD,stop,2.46,18.2,4,0
PORTSMOUTH HARBOUR - SURBITON (3),3,MILFORD,GODALMING,stop,1.98,18.1,4,0
PORTSMOUTH HARBOUR - SURBITON (3),4,GODALMING,FARNCOMBE,stop,1.17,18.1,3,0
PORTSMOUTH HARBOUR - SURBITON (3),5,FARNCOMBE,GUILDFORD,stop,3.33,36.5,5,0
PORTSMOUTH HARBOUR - WOKING,1,HASLEMERE,GODALMING,stop,9.17,18.4,9,2
PORTSMOUTH HARBOUR - WOKING,2,GODALMING,GUILDFORD,stop,4.46,36.5,6,1
PORTSMOUTH HARBOUR - WOKING,3,GUILDFORD,WOKING,stop,6.69,57.5,7,1
PORTSMOUTH HARBOUR - WOKING,4,BROOKWOOD,WOKING,stop,3.79,65.0,5,0
PORTSMOUTH HARBOUR - WOKING (10),1,HASLEMERE,GODALMING,stop,9.17,18.4,10,0
PORTSMOUTH HARBOUR - WOKING (10),2,GODALMING,FARNCOMBE,stop,1.17,18.1,3,0
PORTSMOUTH HARBOUR - WOKING (10),3,FARNCOMBE,GUILDFORD,stop,3.33,36.5,5,0
PORTSMOUTH HARBOUR - WOKING (10),4,GUILDFORD,WOKING,stop,6.69,57.5,8,1
PORTSMOUTH HARBOUR - WOKING (11),1,HASLEMERE,WITLEY,stop,5.09,18.5,6,1
PORTSMOUTH HARBOUR - WOKING (11),2,WITLEY,MILFORD,stop,2.46,18.2,4,0
PORTSMOUTH HARBOUR - WOKING (11),3,MILFORD,GODALMING,stop,1.98,18.1,4,0
PORTSMOUTH HARBOUR - WOKING (11),4,GODALMING,FARNCOMBE,stop,1.17,18.1,3,0
PORTSMOUTH HARBOUR - WOKING (11),5,FARNCOMBE,GUILDFORD,stop,3.33,36.5,5,0
PORTSMOUTH HARBOUR - WOKING (11),6,GUILDFORD,WOKING,stop,6.69,57.5,10,2
PORTSMOUTH HARBOUR - WOKING (2),1,HASLEMERE,GODALMING,stop,9.17,18.4,9,2
PORTSMOUTH HARBOUR - WOKING (2),2,GODALMING,FARNCOMBE,stop,1.17,18.1,3,1
PORTSMOUTH HARBOUR - WOKING (2),3,FARNCOMBE,GUILDFORD,stop,3.33,36.5,5,0
PORTSMOUTH HARBOUR - WOKING (2),4,GUILDFORD,WOKING,stop,6.69,57.5,8,2
PORTSMOUTH HARBOUR - WOKING (3),1,HASLEMERE,WITLEY,stop,5.09,18.5,7,13
PORTSMOUTH HARBOUR - WOKING (3),2,WITLEY,MILFORD,stop,2.46,18.2,4,0
PORTSMOUTH HARBOUR - WOKING (3),3,MILFORD,GODALMING,stop,1.98,18.1,3,0
PORTSMOUTH HARBOUR - WOKING (3),4,GODALMING,FARNCOMBE,stop,1.17,18.1,2,1
PORTSMOUTH HARBOUR - WOKING (3),5,FARNCOMBE,GUILDFORD,stop,3.33,36.5,5,1
PORTSMOUTH HARBOUR - WOKING (3),6,GUILDFORD,WORPLESDON,stop,4.13,36.3,5,2
PORTSMOUTH HARBOUR - WOKING (3),7,WORPLESDON,WOKING,stop,2.73,38.8,4,1
PORTSMOUTH HARBOUR - WOKING (4),1,HASLEMERE,WITLEY,stop,5.09,18.5,7,1
PORTSMOUTH HARBOUR - WOKING (4),2,WITLEY,MILFORD,stop,2.46,18.2,4,0
PORTSMOUTH HARBOUR - WOKING (4),3,MILFORD,GODALMING,stop,1.98,18.1,3,1
PORTSMOUTH HARBOUR - WOKING (4),4,GODALMING,FARNCOMBE,stop,1.17,18.1,3,1
PORTSMOUTH HARBOUR - WOKING (4),5,FARNCOMBE,GUILDFORD,stop,3.33,36.5,5,0
PORTSMOUTH HARBOUR - WOKING (4),6,GUILDFORD,WORPLESDON,stop,4.13,36.3,5,3
PORTSMOUTH HARBOUR - WOKING (4),7,WORPLESDON,WOKING,stop,2.73,38.8,5,1
PORTSMOUTH HARBOUR - WOKING (5),1,HASLEMERE,GODALMING,stop,9.17,18.4,9,2
PORTSMOUTH HARBOUR - WOKING (5),2,GODALMING,GUILDFORD,stop,4.46,36.5,6,2
PORTSMOUTH HARBOUR - WOKING (5),3,GUILDFORD,WOKING,stop,6.69,57.5,8,2
PORTSMOUTH HARBOUR - WOKING (5),4,HASLEMERE,GODALMING,stop,9.17,18.4,9,2
PORTSMOUTH HARBOUR - WOKING (5),5,GODALMING,FARNCOMBE,stop,1.17,18.1,2,2
PORTSMOUTH HARBOUR - WOKING (5),6,FARNCOMBE,GUILDFORD,pass,3.33,36.5,4,0
PORTSMOUTH HARBOUR - WOKING (5),7,GUILDFORD,WOKING,stop,6.69,57.5,8,2
PORTSMOUTH HARBOUR - WOKING (6),1,HASLEMERE,GODALMING,stop,9.17,18.4,9,3
PORTSMOUTH HARBOUR - WOKING (6),2,GODALMING,GUILDFORD,stop,4.46,36.5,6,1
PORTSMOUTH HARBOUR - WOKING (6),3,GUILDFORD,WOKING,stop,6.69,57.5,8,2
PORTSMOUTH HARBOUR - WOKING (7),1,HASLEMERE,WITLEY,stop,5.09,18.5,6,2
PORTSMOUTH HARBOUR - WOKING (7),2,WITLEY,MILFORD,stop,2.46,18.2,4,0
PORTSMOUTH HARBOUR - WOKING (7),3,MILFORD,GODALMING,stop,1.98,18.1,4,0
PORTSMOUTH HARBOUR - WOKING (7),4,GODALMING,FARNCOMBE,stop,1.17,18.1,3,0
PORTSMOUTH HARBOUR - WOKING (7),5,FARNCOMBE,GUILDFORD,stop,3.33,36.5,5,0
PORTSMOUTH HARBOUR - WOKING (7),6,GUILDFORD,WORPLESDON,stop,4.13,36.3,5,2
PORTSMOUTH HARBOUR - WOKING (7),7,WORPLESDON,WOKING,stop,2.73,38.8,5,1
PORTSMOUTH HARBOUR - WOKING (8),1,HASLEMERE,WITLEY,stop,5.09,18.5,6,1
PORTSMOUTH HARBOUR - WOKING (8),2,WITLEY,MILFORD,stop,2.46,18.2,4,0
PORTSMOUTH HARBOUR - WOKING (8),3,MILFORD,GODALMING,stop,1.98,18.1,4,0
PORTSMOUTH HARBOUR - WOKING (8),4,GODALMING,FARNCOMBE,stop,1.17,18.1,3,0
PORTSMOUTH HARBOUR - WOKING (8),5,FARNCOMBE,GUILDFORD,stop,3.33,36.5,5,0
PORTSMOUTH HARBOUR - WOKING (8),6,GUILDFORD,WOKING,stop,6.69,57.5,8,1
PORTSMOUTH HARBOUR - WOKING (8),7,HASLEMERE,GODALMING,stop,9.17,18.4,9,1
PORTSMOUTH HARBOUR - WOKING (8),8,GODALMING,FARNCOMBE,stop,1.17,18.1,2,1
PORTSMOUTH HARBOUR - WOKING (8),9,FARNCOMBE,GUILDFORD,pass,3.33,36.5,4,0
PORTSMOUTH HARBOUR - WOKING (8),10,GUILDFORD,WOKING,stop,6.69,57.5,7,1
PORTSMOUTH HARBOUR - WOKING (9),1,HASLEMERE,GODALMING,stop,9.17,18.4,9,1
PORTSMOUTH HARBOUR - WOKING (9),2,GODALMING,GUILDFORD,stop,4.46,36.5,6,1
PORTSMOUTH HARBOUR - WOKING (9),3,GUILDFORD,WOKING,stop,6.69,57.5,7,1
PUTNEY - WOKING,1,CHERTSEY,ADDLESTONE,stop,1.67,17.1,3,1
PUTNEY - WOKING,2,ADDLESTONE,BYFLEET & NEW HAW,stop,1.81,17.2,4,0
PUTNEY - WOKING,3,BYFLEET & NEW HAW,WEST BYFLEET,stop,2.0,57.6,3,0
PUTNEY - WOKING,4,WEST BYFLEET,WOKING,stop,3.0,79.0,6,0
QUEENSTOWN ROAD(BATTERSEA) - ADDLESTONE,1,CHERTSEY,ADDLESTONE,stop,1.67,17.1,3,1
QUEENSTOWN ROAD(BATTERSEA) - WEYBRIDGE,1,CHERTSEY,ADDLESTONE,stop,1.67,17.1,3,1
QUEENSTOWN ROAD(BATTERSEA) - WEYBRIDGE,2,ADDLESTONE,WEYBRIDGE,stop,6.98,18.6,4,0
QUEENSTOWN ROAD(BATTERSEA) - WOKING,1,CHERTSEY,ADDLESTONE,stop,1.67,17.1,3,1
QUEENSTOWN ROAD(BATTERSEA) - WOKING,2,ADDLESTONE,BYFLEET & NEW HAW,stop,1.81,17.2,4,0
QUEENSTOWN ROAD(BATTERSEA) - WOKING,3,BYFLEET & NEW HAW,WEST BYFLEET,stop,2.0,57.6,3,0
QUEENSTOWN ROAD(BATTERSEA) - WOKING,4,WEST BYFLEET,WOKING,stop,3.0,79.0,6,0
SOUTHAMPTON CENTRAL - GUILDFORD,1,HASLEMERE,GUILDFORD,pass,13.62,36.8,17,0
SOUTHAMPTON CENTRAL - GUILDFORD,2,FARNCOMBE,GUILDFORD,pass,3.33,36.5,9,0
SOUTHAMPTON CENTRAL - SURBITON,1,BROOKWOOD,WOKING,stop,3.79,65.0,6,0
SOUTHAMPTON CENTRAL - SURBITON,2,BROOKWOOD,WOKING,stop,3.79,65.0,5,0
SOUTHAMPTON CENTRAL - SURBITON,3,WOKING,BYFLEET & NEW HAW,stop,4.59,38.6,4,1
SOUTHAMPTON CENTRAL - SURBITON,4,BYFLEET & NEW HAW,WEYBRIDGE,pass,6.79,18.6,2,0
SOUTHAMPTON CENTRAL - SURBITON (2),1,BROOKWOOD,WOKING,stop,3.79,65.0,5,0
SOUTHAMPTON CENTRAL - SURBITON (2),2,WOKING,WEYBRIDGE,stop,11.17,40.0,6,1
SOUTHAMPTON CENTRAL - WEYBRIDGE,1,BROOKWOOD,WOKING,stop,3.79,65.0,5,0
SOUTHAMPTON CENTRAL - WEYBRIDGE,2,WOKING,WEYBRIDGE,stop,11.17,40.0,6,3
SOUTHAMPTON CENTRAL - WEYBRIDGE,3,BROOKWOOD,WOKING,stop,3.79,65.0,5,0
SOUTHAMPTON CENTRAL - WEYBRIDGE,4,WOKING,BYFLEET & NEW HAW,stop,4.59,38.6,4,3
SOUTHAMPTON CENTRAL - WEYBRIDGE,5,BYFLEET & NEW HAW,WEYBRIDGE,pass,6.79,18.6,2,0
SOUTHAMPTON CENTRAL - WOKING,1,HASLEMERE,WITLEY,stop,5.09,18.5,7,0
SOUTHAMPTON CENTRAL - WOKING,2,WITLEY,MILFORD,stop,2.46,18.2,4,0
SOUTHAMPTON CENTRAL - WOKING,3,MILFORD,GODALMING,stop,1.98,18.1,4,0
SOUTHAMPTON CENTRAL - WOKING,4,GODALMING,FARNCOMBE,stop,1.17,18.1,3,0
SOUTHAMPTON CENTRAL - WOKING,5,FARNCOMBE,GUILDFORD,stop,3.33,36.5,5,0
SOUTHAMPTON CENTRAL - WOKING,6,GUILDFORD,WORPLESDON,stop,4.13,36.3,5,2
SOUTHAMPTON CENTRAL - WOKING,7,WORPLESDON,WOKING,stop,2.73,38.8,4,1
SOUTHAMPTON CENTRAL - WOKING,8,BROOKWOOD,WOKING,stop,3.79,65.0,7,0
SOUTHAMPTON CENTRAL - WOKING (2),1,HASLEMERE,WITLEY,stop,5.09,18.5,7,5
SOUTHAMPTON CENTRAL - WOKING (2),2,WITLEY,MILFORD,stop,2.46,18.2,4,0
SOUTHAMPTON CENTRAL - WOKING (2),3,MILFORD,GODALMING,stop,1.98,18.1,3,0
SOUTHAMPTON CENTRAL - WOKING (2),4,GODALMING,FARNCOMBE,stop,1.17,18.1,2,1
SOUTHAMPTON CENTRAL - WOKING (2),5,FARNCOMBE,GUILDFORD,stop,3.33,36.5,5,1
SOUTHAMPTON CENTRAL - WOKING (2),6,GUILDFORD,WORPLESDON,stop,4.13,36.3,5,1
SOUTHAMPTON CENTRAL - WOKING (2),7,WORPLESDON,WOKING,stop,2.73,38.8,6,1
SOUTHAMPTON CENTRAL - WOKING (3),1,HASLEMERE,WITLEY,stop,5.09,18.5,6,9
SOUTHAMPTON CENTRAL - WOKING (3),2,WITLEY,MILFORD,stop,2.46,18.2,4,0
SOUTHAMPTON CENTRAL - WOKING (3),3,MILFORD,GODALMING,stop,1.98,18.1,4,0
SOUTHAMPTON CENTRAL - WOKING (3),4,GODALMING,FARNCOMBE,stop,1.17,18.1,3,0
SOUTHAMPTON CENTRAL - WOKING (3),5,FARNCOMBE,GUILDFORD,stop,3.33,36.5,5,0
SOUTHAMPTON CENTRAL - WOKING (3),6,GUILDFORD,WORPLESDON,stop,4.13,36.3,6,2
SOUTHAMPTON CENTRAL - WOKING (3),7,WORPLESDON,WOKING,stop,2.73,38.8,4,1
SOUTHAMPTON CENTRAL - WOKING (4),1,HASLEMERE,GUILDFORD,pass,13.62,36.8,14,0
SOUTHAMPTON CENTRAL - WOKING (4),2,GUILDFORD,WOKING,stop,6.69,57.5,8,1
SOUTHAMPTON CENTRAL - WOKING (4),3,FARNCOMBE,GUILDFORD,pass,3.33,36.5,6,0
SOUTHAMPTON CENTRAL - WOKING (4),4,GUILDFORD,WOKING,stop,6.69,57.5,8,1
SOUTHAMPTON CENTRAL - WOKING (4),5,GUILDFORD,WOKING,stop,6.69,57.5,8,1
SOUTHAMPTON CENTRAL - WOKING (5),1,HASLEMERE,GUILDFORD,pass,13.62,36.8,17,0
SOUTHAMPTON CENTRAL - WOKING (5),2,GUILDFORD,WOKING,stop,6.69,57.5,8,1
SOUTHAMPTON CENTRAL - WOKING (5),3,FARNCOMBE,GUILDFORD,pass,3.33,36.5,4,0
SOUTHAMPTON CENTRAL - WOKING (5),4,GUILDFORD,WOKING,stop,6.69,57.5,8,1
SOUTHAMPTON CENTRAL - WOKING (5),5,GUILDFORD,WOKING,stop,6.69,57.5,8,1
STAINES - ADDLESTONE,1,CHERTSEY,ADDLESTONE,stop,1.67,17.1,3,0
STAINES - WEYBRIDGE,1,CHERTSEY,ADDLESTONE,stop,1.67,17.1,8,0
STAINES - WEYBRIDGE,2,ADDLESTONE,WEYBRIDGE,stop,6.98,18.6,7,0
STAINES - WOKING,1,CHERTSEY,ADDLESTONE,stop,1.67,17.1,2,1
STAINES - WOKING,2,ADDLESTONE,BYFLEET & NEW HAW,stop,1.81,17.2,3,1
STAINES - WOKING,3,BYFLEET & NEW HAW,WEST BYFLEET,stop,2.0,57.6,3,1
STAINES - WOKING,4,WEST BYFLEET,WOKING,stop,3.0,79.0,5,0
SURBITON - ALDERSHOT,1,ESHER,HERSHAM,stop,1.72,17.1,3,0
SURBITON - ALDERSHOT,2,WEYBRIDGE,BYFLEET & NEW HAW,stop,6.79,18.6,3,1
SURBITON - ALDERSHOT,3,BYFLEET & NEW HAW,WEST BYFLEET,stop,2.0,57.6,3,0
SURBITON - ALDERSHOT,4,WEST BYFLEET,WOKING,stop,3.0,79.0,9,0
SURBITON - ALDERSHOT,5,WOKING,BROOKWOOD,stop,3.79,65.0,6,1
SURBITON - ALDERSHOT,6,ESHER,HERSHAM,stop,1.72,17.1,3,0
SURBITON - ALDERSHOT,7,WEYBRIDGE,BYFLEET & NEW HAW,stop,6.79,18.6,3,1
SURBITON - ALDERSHOT,8,BYFLEET & NEW HAW,WEST BYFLEET,stop,2.0,57.6,3,0
SURBITON - ALDERSHOT,9,WEST BYFLEET,WOKING,stop,3.0,79.0,9,0
SURBITON - ALTON,1,WEST BYFLEET,WOKING,stop,3.0,79.0,5,0
SURBITON - ALTON,2,WOKING,BROOKWOOD,stop,3.79,65.0,6,4
SURBITON - ALTON,3,BYFLEET & NEW HAW,WEST BYFLEET,pass,2.0,57.6,2,0
SURBITON - ALTON,4,WEST BYFLEET,WOKING,stop,3.0,79.0,5,0
SURBITON - ALTON,5,WOKING,BROOKWOOD,stop,3.79,65.0,6,4
SURBITON - ALTON,6,WEYBRIDGE,WEST BYFLEET,pass,3.0,59.0,3,0
SURBITON - ALTON,7,WEST BYFLEET,WOKING,stop,3.0,79.0,5,0
SURBITON - ALTON,8,WOKING,BROOKWOOD,stop,3.79,65.0,6,4
SURBITON - ALTON (2),1,WEST BYFLEET,WOKING,stop,3.0,79.0,7,1
SURBITON - ALTON (2),2,WOKING,BROOKWOOD,stop,3.79,65.0,6,2
SURBITON - ALTON (2),3,BYFLEET & NEW HAW,WEST BYFLEET,pass,2.0,57.6,1,0
SURBITON - ALTON (2),4,WEST BYFLEET,WOKING,stop,3.0,79.0,7,1
SURBITON - ALTON (2),5,WOKING,BROOKWOOD,stop,3.79,65.0,6,2
SURBITON - ALTON (2),6,WEYBRIDGE,WEST BYFLEET,pass,3.0,59.0,2,0
SURBITON - ALTON (2),7,WEST BYFLEET,WOKING,stop,3.0,79.0,7,1
SURBITON - ALTON (2),8,WOKING,BROOKWOOD,stop,3.79,65.0,6,2
SURBITON - ALTON (3),1,WEYBRIDGE,WEST BYFLEET,stop,3.0,59.0,4,1
SURBITON - ALTON (3),2,WEST BYFLEET,WOKING,stop,3.0,79.0,4,2
SURBITON - ALTON (3),3,WOKING,BROOKWOOD,stop,3.79,65.0,5,8
SURBITON - ALTON (3),4,BYFLEET & NEW HAW,WOKING,pass,4.59,38.6,4,0
SURBITON - ALTON (3),5,WEYBRIDGE,WOKING,pass,11.17,40.0,5,0
SURBITON - ALTON (4),1,WEYBRIDGE,WEST BYFLEET,stop,3.0,59.0,4,1
SURBITON - ALTON (4),2,WEST BYFLEET,WOKING,stop,3.0,79.0,4,2
SURBITON - ALTON (4),3,WOKING,BROOKWOOD,stop,3.79,65.0,5,8
SURBITON - ALTON (4),4,WEYBRIDGE,BYFLEET & NEW HAW,stop,6.79,18.6,3,1
SURBITON - ALTON (4),5,BYFLEET & NEW HAW,WEST BYFLEET,pass,2.0,57.6,1,0
SURBITON - ALTON (4),6,WEST BYFLEET,WOKING,stop,3.0,79.0,4,2
SURBITON - ALTON (4),7,WOKING,BROOKWOOD,stop,3.79,65.0,5,8
SURBITON - ALTON (5),1,WEYBRIDGE,WOKING,stop,11.17,40.0,8,1
SURBITON - ALTON (5),2,WOKING,BROOKWOOD,stop,3.79,65.0,6,1
SURBITON - ALTON (5),3,WEYBRIDGE,BYFLEET & NEW HAW,stop,6.79,18.6,3,1
SURBITON - ALTON (5),4,BYFLEET & NEW HAW,WEST BYFLEET,pass,2.0,57.6,1,0
SURBITON - ALTON (5),5,WEST BYFLEET,WOKING,stop,3.0,79.0,4,2
SURBITON - ALTON (5),6,WOKING,BROOKWOOD,stop,3.79,65.0,5,8
SURBITON - ALTON (6),1,WEYBRIDGE,BYFLEET & NEW HAW,stop,6.79,18.6,2,1
SURBITON - ALTON (6),2,BYFLEET & NEW HAW,WOKING,pass,4.59,38.6,6,0
SURBITON - ALTON (6),3,WOKING,BROOKWOOD,stop,3.79,65.0,6,1
SURBITON - BASINGSTOKE,1,WEYBRIDGE,WOKING,stop,11.17,40.0,7,0
SURBITON - BASINGSTOKE,2,WOKING,BROOKWOOD,stop,3.79,65.0,6,1
SURBITON - BASINGSTOKE,3,WEYBRIDGE,BYFLEET & NEW HAW,stop,6.79,18.6,3,0
SURBITON - BASINGSTOKE,4,BYFLEET & NEW HAW,WOKING,pass,4.59,38.6,4,0
SURBITON - BASINGSTOKE,5,WOKING,BROOKWOOD,stop,3.79,65.0,6,1
SURBITON - BASINGSTOKE (2),1,WEYBRIDGE,WEST BYFLEET,stop,3.0,59.0,4,1
SURBITON - BASINGSTOKE (2),2,WEST BYFLEET,WOKING,stop,3.0,79.0,5,0
SURBITON - BASINGSTOKE (2),3,WOKING,BROOKWOOD,stop,3.79,65.0,6,1
SURBITON - BASINGSTOKE (2),4,WEYBRIDGE,BYFLEET & NEW HAW,stop,6.79,18.6,2,1
SURBITON - BASINGSTOKE (2),5,BYFLEET & NEW HAW,WEST BYFLEET,pass,2.0,57.6,2,0
SURBITON - BASINGSTOKE (2),6,WEST BYFLEET,WOKING,stop,3.0,79.0,5,0
SURBITON - BASINGSTOKE (2),7,WOKING,BROOKWOOD,stop,3.79,65.0,6,1
SURBITON - BASINGSTOKE (3),1,WOKING,BROOKWOOD,stop,3.79,65.0,5,4
SURBITON - BASINGSTOKE (3),2,BYFLEET & NEW HAW,WOKING,pass,4.59,38.6,4,0
SURBITON - BASINGSTOKE (3),3,WOKING,BROOKWOOD,stop,3.79,65.0,5,4
SURBITON - BASINGSTOKE (3),4,WEYBRIDGE,WOKING,pass,11.17,40.0,5,0
SURBITON - BASINGSTOKE (3),5,WOKING,BROOKWOOD,stop,3.79,65.0,5,4
SURBITON - BASINGSTOKE (4),1,WEYBRIDGE,WOKING,stop,11.17,40.0,6,1
SURBITON - BASINGSTOKE (4),2,WOKING,BROOKWOOD,stop,3.79,65.0,5,4
SURBITON - BASINGSTOKE (4),3,WEYBRIDGE,BYFLEET & NEW HAW,stop,6.79,18.6,2,1
SURBITON - BASINGSTOKE (4),4,BYFLEET & NEW HAW,WOKING,pass,4.59,38.6,4,0
SURBITON - BASINGSTOKE (4),5,WOKING,BROOKWOOD,stop,3.79,65.0,5,4
SURBITON - BASINGSTOKE (5),1,BYFLEET & NEW HAW,WOKING,pass,4.59,38.6,4,0
SURBITON - BASINGSTOKE (5),2,WEYBRIDGE,WOKING,pass,11.17,40.0,5,0
SURBITON - EASTLEIGH,1,BYFLEET & NEW HAW,WOKING,pass,4.59,38.6,4,0
SURBITON - EASTLEIGH,2,WEYBRIDGE,WOKING,pass,11.17,40.0,5,0
SURBITON - FAREHAM,1,WEYBRIDGE,WOKING,stop,11.17,40.0,8,0
SURBITON - FAREHAM,2,WOKING,BROOKWOOD,stop,3.79,65.0,6,1
SURBITON - FAREHAM,3,WEYBRIDGE,BYFLEET & NEW HAW,stop,6.79,18.6,3,0
SURBITON - FAREHAM,4,BYFLEET & NEW HAW,WOKING,pass,4.59,38.6,5,0
SURBITON - FAREHAM,5,WOKING,BROOKWOOD,stop,3.79,65.0,6,1
SURBITON - FAREHAM (2),1,WEYBRIDGE,WOKING,stop,11.17,40.0,7,0
SURBITON - FAREHAM (2),2,WOKING,BROOKWOOD,stop,3.79,65.0,6,1
SURBITON - FAREHAM (2),3,WEYBRIDGE,BYFLEET & NEW HAW,stop,6.79,18.6,3,0
SURBITON - FAREHAM (2),4,BYFLEET & NEW HAW,WOKING,pass,4.59,38.6,4,0
SURBITON - FAREHAM (2),5,WOKING,BROOKWOOD,stop,3.79,65.0,6,1
SURBITON - GUILDFORD,1,ESHER,HERSHAM,stop,1.72,17.1,3,1
SURBITON - GUILDFORD,2,WEYBRIDGE,BYFLEET & NEW HAW,stop,6.79,18.6,3,0
SURBITON - GUILDFORD,3,BYFLEET & NEW HAW,WEST BYFLEET,stop,2.0,57.6,3,1
SURBITON - GUILDFORD,4,WEST BYFLEET,WOKING,stop,3.0,79.0,7,0
SURBITON - GUILDFORD,5,WOKING,WORPLESDON,stop,2.73,38.8,4,1
SURBITON - GUILDFORD,6,WORPLESDON,GUILDFORD,stop,4.13,36.3,8,0
SURBITON - GUILDFORD,7,ESHER,HERSHAM,stop,1.72,17.1,4,0
SURBITON - GUILDFORD,8,WEYBRIDGE,BYFLEET & NEW HAW,stop,6.79,18.6,3,1
SURBITON - GUILDFORD,9,BYFLEET & NEW HAW,WEST BYFLEET,stop,2.0,57.6,3,0
SURBITON - GUILDFORD,10,WEST BYFLEET,WOKING,stop,3.0,79.0,5,1
SURBITON - GUILDFORD,11,WOKING,GUILDFORD,stop,6.69,57.5,10,1
SURBITON - HASLEMERE,1,WEYBRIDGE,WEST BYFLEET,stop,3.0,59.0,4,1
SURBITON - HASLEMERE,2,WEST BYFLEET,WOKING,stop,3.0,79.0,4,0
SURBITON - HASLEMERE,3,WOKING,GUILDFORD,stop,6.69,57.5,7,2
SURBITON - HASLEMERE,4,GUILDFORD,FARNCOMBE,stop,3.33,36.5,5,4
SURBITON - HASLEMERE,5,FARNCOMBE,GODALMING,stop,1.17,18.1,2,1
SURBITON - HASLEMERE,6,GODALMING,MILFORD,stop,1.98,18.1,4,1
SURBITON - HASLEMERE,7,MILFORD,WITLEY,stop,2.46,18.2,4,0
SURBITON - HASLEMERE,8,WITLEY,HASLEMERE,stop,5.09,18.5,7,0
SURBITON - HASLEMERE,9,WEYBRIDGE,BYFLEET & NEW HAW,stop,6.79,18.6,2,1
SURBITON - HASLEMERE,10,BYFLEET & NEW HAW,WEST BYFLEET,pass,2.0,57.6,2,0
SURBITON - HASLEMERE,11,WEST BYFLEET,WOKING,stop,3.0,79.0,4,0
SURBITON - HASLEMERE,12,WOKING,GUILDFORD,stop,6.69,57.5,7,2
SURBITON - HASLEMERE,13,GUILDFORD,FARNCOMBE,stop,3.33,36.5,5,4
SURBITON - HASLEMERE,14,FARNCOMBE,GODALMING,stop,1.17,18.1,2,1
SURBITON - HASLEMERE,15,GODALMING,MILFORD,stop,1.98,18.1,4,1
SURBITON - HASLEMERE,16,MILFORD,WITLEY,stop,2.46,18.2,4,0
SURBITON - HASLEMERE,17,WITLEY,HASLEMERE,stop,5.09,18.5,7,0
SURBITON - PORTSMOUTH HARBOUR,1,WEYBRIDGE,WEST BYFLEET,stop,3.0,59.0,4,1
SURBITON - PORTSMOUTH HARBOUR,2,WEST BYFLEET,WOKING,stop,3.0,79.0,4,0
SURBITON - PORTSMOUTH HARBOUR,3,WOKING,GUILDFORD,stop,6.69,57.5,7,2
SURBITON - PORTSMOUTH HARBOUR,4,GUILDFORD,FARNCOMBE,stop,3.33,36.5,5,4
SURBITON - PORTSMOUTH HARBOUR,5,FARNCOMBE,GODALMING,stop,1.17,18.1,2,1
SURBITON - PORTSMOUTH HARBOUR,6,GODALMING,MILFORD,stop,1.98,18.1,4,1
SURBITON - PORTSMOUTH HARBOUR,7,MILFORD,WITLEY,stop,2.46,18.2,4,0
SURBITON - PORTSMOUTH HARBOUR,8,WITLEY,HASLEMERE,stop,5.09,18.5,7,0
SURBITON - PORTSMOUTH HARBOUR,9,WEYBRIDGE,WOKING,stop,11.17,40.0,8,0
SURBITON - PORTSMOUTH HARBOUR,10,WOKING,BROOKWOOD,stop,3.79,65.0,6,1
SURBITON - PORTSMOUTH HARBOUR,11,WEYBRIDGE,BYFLEET & NEW HAW,stop,6.79,18.6,3,0
SURBITON - PORTSMOUTH HARBOUR,12,BYFLEET & NEW HAW,WOKING,pass,4.59,38.6,5,0
SURBITON - PORTSMOUTH HARBOUR,13,WOKING,BROOKWOOD,stop,3.79,65.0,6,1
SURBITON - PORTSMOUTH HARBOUR (2),1,GUILDFORD,GODALMING,stop,4.46,36.5,6,1
SURBITON - PORTSMOUTH HARBOUR (2),2,GODALMING,HASLEMERE,stop,9.17,18.4,10,1
SURBITON - PORTSMOUTH HARBOUR (2),3,GUILDFORD,FARNCOMBE,stop,3.33,36.5,5,1
SURBITON - PORTSMOUTH HARBOUR (2),4,FARNCOMBE,GODALMING,pass,1.17,18.1,1,0
SURBITON - PORTSMOUTH HARBOUR (2),5,GODALMING,HASLEMERE,stop,9.17,18.4,10,1
SURBITON - PORTSMOUTH HARBOUR (2),6,WEYBRIDGE,WOKING,stop,11.17,40.0,7,0
SURBITON - PORTSMOUTH HARBOUR (2),7,WOKING,BROOKWOOD,stop,3.79,65.0,6,1
SURBITON - PORTSMOUTH HARBOUR (2),8,WEYBRIDGE,BYFLEET & NEW HAW,stop,6.79,18.6,2,1
SURBITON - PORTSMOUTH HARBOUR (2),9,BYFLEET & NEW HAW,WEST BYFLEET,pass,2.0,57.6,2,0
SURBITON - PORTSMOUTH HARBOUR (2),10,WEST BYFLEET,WOKING,stop,3.0,79.0,4,0
SURBITON - PORTSMOUTH HARBOUR (2),11,WOKING,GUILDFORD,stop,6.69,57.5,7,2
SURBITON - PORTSMOUTH HARBOUR (2),12,GUILDFORD,FARNCOMBE,stop,3.33,36.5,5,4
SURBITON - PORTSMOUTH HARBOUR (2),13,FARNCOMBE,GODALMING,stop,1.17,18.1,2,1
SURBITON - PORTSMOUTH HARBOUR (2),14,GODALMING,MILFORD,stop,1.98,18.1,4,1
SURBITON - PORTSMOUTH HARBOUR (2),15,MILFORD,WITLEY,stop,2.46,18.2,4,0
SURBITON - PORTSMOUTH HARBOUR (2),16,WITLEY,HASLEMERE,stop,5.09,18.5,7,0
SURBITON - PORTSMOUTH HARBOUR (3),1,GUILDFORD,FARNCOMBE,stop,3.33,36.5,6,1
SURBITON - PORTSMOUTH HARBOUR (3),2,FARNCOMBE,GODALMING,stop,1.17,18.1,3,0
SURBITON - PORTSMOUTH HARBOUR (3),3,GODALMING,MILFORD,stop,1.98,18.1,4,0
SURBITON - PORTSMOUTH HARBOUR (3),4,MILFORD,WITLEY,stop,2.46,18.2,4,0
SURBITON - PORTSMOUTH HARBOUR (3),5,WITLEY,HASLEMERE,stop,5.09,18.5,7,0
SURBITON - PORTSMOUTH HARBOUR (3),6,WEYBRIDGE,BYFLEET & NEW HAW,stop,6.79,18.6,3,0
SURBITON - PORTSMOUTH HARBOUR (3),7,BYFLEET & NEW HAW,WOKING,pass,4.59,38.6,4,0
SURBITON - PORTSMOUTH HARBOUR (3),8,WOKING,BROOKWOOD,stop,3.79,65.0,6,1
SURBITON - SOUTHAMPTON CENTRAL,1,WEYBRIDGE,WOKING,stop,11.17,40.0,10,0
SURBITON - SOUTHAMPTON CENTRAL,2,WOKING,BROOKWOOD,stop,3.79,65.0,5,1
SURBITON - SOUTHAMPTON CENTRAL,3,WEYBRIDGE,BYFLEET & NEW HAW,stop,6.79,18.6,3,0
SURBITON - SOUTHAMPTON CENTRAL,4,BYFLEET & NEW HAW,WOKING,pass,4.59,38.6,7,0
SURBITON - SOUTHAMPTON CENTRAL,5,WOKING,BROOKWOOD,stop,3.79,65.0,5,1
SURBITON - SOUTHAMPTON CENTRAL (2),1,BYFLEET & NEW HAW,WOKING,pass,4.59,38.6,4,0
SURBITON - SOUTHAMPTON CENTRAL (2),2,WEYBRIDGE,WOKING,pass,11.17,40.0,5,0
SURBITON - WEYMOUTH,1,WOKING,GUILDFORD,stop,6.69,57.5,8,1
SURBITON - WEYMOUTH,2,GUILDFORD,HASLEMERE,stop,13.62,36.8,13,1
SURBITON - WEYMOUTH,3,WOKING,GUILDFORD,stop,6.69,57.5,8,1
SURBITON - WEYMOUTH,4,GUILDFORD,FARNCOMBE,stop,3.33,36.5,4,1
SURBITON - WEYMOUTH,5,WOKING,GUILDFORD,stop,6.69,57.5,8,1
SURBITON - WINCHESTER,1,WEYBRIDGE,WOKING,stop,11.17,40.0,7,0
SURBITON - WINCHESTER,2,WOKING,BROOKWOOD,stop,3.79,65.0,6,1
SURBITON - WINCHESTER,3,WEYBRIDGE,BYFLEET & NEW HAW,stop,6.79,18.6,3,0
SURBITON - WINCHESTER,4,BYFLEET & NEW HAW,WOKING,pass,4.59,38.6,4,0
SURBITON - WINCHESTER,5,WOKING,BROOKWOOD,stop,3.79,65.0,6,1
SURBITON - WINCHESTER (2),1,WEYBRIDGE,WEST BYFLEET,stop,3.0,59.0,4,1
SURBITON - WINCHESTER (2),2,WEST BYFLEET,WOKING,stop,3.0,79.0,4,0
SURBITON - WINCHESTER (2),3,WOKING,BROOKWOOD,stop,3.79,65.0,6,6
SURBITON - WINCHESTER (2),4,WEYBRIDGE,BYFLEET & NEW HAW,stop,6.79,18.6,2,1
SURBITON - WINCHESTER (2),5,BYFLEET & NEW HAW,WEST BYFLEET,pass,2.0,57.6,2,0
SURBITON - WINCHESTER (2),6,WEST BYFLEET,WOKING,stop,3.0,79.0,4,0
SURBITON - WINCHESTER (2),7,WOKING,BROOKWOOD,stop,3.79,65.0,6,6
SURBITON - WINCHESTER (3),1,BYFLEET & NEW HAW,WOKING,pass,4.59,38.6,4,0
SURBITON - WINCHESTER (3),2,WEYBRIDGE,WOKING,pass,11.17,40.0,5,0
SURBITON - WOKING,1,BYFLEET & NEW HAW,WOKING,pass,4.59,38.6,4,0
SURBITON - WOKING,2,WEYBRIDGE,WOKING,pass,11.17,40.0,5,0
WANDSWORTH TOWN - ADDLESTONE,1,CHERTSEY,ADDLESTONE,stop,1.67,17.1,3,1
WANDSWORTH TOWN - ADDLESTONE (2),1,CHERTSEY,ADDLESTONE,stop,1.67,17.1,3,1
WANDSWORTH TOWN - ADDLESTONE (3),1,CHERTSEY,ADDLESTONE,stop,1.67,17.1,3,1
WANDSWORTH TOWN - WEYBRIDGE,1,CHERTSEY,ADDLESTONE,stop,1.67,17.1,3,0
WANDSWORTH TOWN - WEYBRIDGE,2,ADDLESTONE,WEYBRIDGE,stop,6.98,18.6,4,0
WANDSWORTH TOWN - WOKING,1,CHERTSEY,ADDLESTONE,stop,1.67,17.1,3,1
WANDSWORTH TOWN - WOKING,2,ADDLESTONE,BYFLEET & NEW HAW,stop,1.81,17.2,4,0
WANDSWORTH TOWN - WOKING,3,BYFLEET & NEW HAW,WEST BYFLEET,stop,2.0,57.6,3,0
WANDSWORTH TOWN - WOKING,4,WEST BYFLEET,WOKING,stop,3.0,79.0,8,0
WEST BYFLEET - ALTON,1,WEST BYFLEET,WOKING,stop,3.0,79.0,8,1
WEST BYFLEET - ALTON,2,WOKING,BROOKWOOD,stop,3.79,65.0,6,1
WEST BYFLEET - ALTON,3,BYFLEET & NEW HAW,WEST BYFLEET,pass,2.0,57.6,1,0
WEST BYFLEET - ALTON,4,WEST BYFLEET,WOKING,stop,3.0,79.0,8,1
WEST BYFLEET - ALTON,5,WOKING,BROOKWOOD,stop,3.79,65.0,6,1
WEST BYFLEET - ALTON,6,WEYBRIDGE,WEST BYFLEET,pass,3.0,59.0,2,0
WEST BYFLEET - ALTON,7,WEST BYFLEET,WOKING,stop,3.0,79.0,8,1
WEST BYFLEET - ALTON,8,WOKING,BROOKWOOD,stop,3.79,65.0,6,1
WEYBRIDGE - ALDERSHOT,1,WEYBRIDGE,WOKING,stop,11.17,40.0,20,0
WEYBRIDGE - ALDERSHOT,2,WOKING,BROOKWOOD,stop,3.79,65.0,15,0
WEYBRIDGE - BASINGSTOKE,1,WEYBRIDGE,WOKING,stop,11.17,40.0,20,0
WEYBRIDGE - BASINGSTOKE,2,WOKING,BROOKWOOD,stop,3.79,65.0,15,0
WEYBRIDGE - EARLSFIELD,1,HERSHAM,ESHER,stop,1.72,17.1,3,0
WEYBRIDGE - FARNHAM,1,WEYBRIDGE,BYFLEET & NEW HAW,stop,6.79,18.6,9,0
WEYBRIDGE - FARNHAM,2,BYFLEET & NEW HAW,WEST BYFLEET,stop,2.0,57.6,9,0
WEYBRIDGE - FARNHAM,3,WEST BYFLEET,WOKING,stop,3.0,79.0,9,0
WEYBRIDGE - FARNHAM,4,WOKING,BROOKWOOD,stop,3.79,65.0,15,0
WEYBRIDGE - GUILDFORD,1,WEYBRIDGE,BYFLEET & NEW HAW,stop,6.79,18.6,9,0
WEYBRIDGE - GUILDFORD,2,BYFLEET & NEW HAW,WEST BYFLEET,stop,2.0,57.6,9,0
WEYBRIDGE - GUILDFORD,3,WEST BYFLEET,WOKING,stop,3.0,79.0,9,0
WEYBRIDGE - GUILDFORD,4,WOKING,WORPLESDON,stop,2.73,38.8,8,0
WEYBRIDGE - GUILDFORD,5,WORPLESDON,GUILDFORD,stop,4.13,36.3,18,0
WEYBRIDGE - GUILDFORD,6,WEYBRIDGE,BYFLEET & NEW HAW,stop,6.79,18.6,9,0
WEYBRIDGE - GUILDFORD,7,BYFLEET & NEW HAW,WEST BYFLEET,stop,2.0,57.6,9,0
WEYBRIDGE - GUILDFORD,8,WEST BYFLEET,WOKING,stop,3.0,79.0,9,0
WEYBRIDGE - GUILDFORD,9,WOKING,GUILDFORD,stop,6.69,57.5,25,0
WEYBRIDGE - HOUNSLOW,1,WEYBRIDGE,ADDLESTONE,stop,6.98,18.6,7,0
WEYBRIDGE - HOUNSLOW,2,ADDLESTONE,CHERTSEY,stop,1.67,17.1,8,0
WEYBRIDGE - WEYBRIDGE,1,WEYBRIDGE,CHERTSEY,stop,8.35,18.6,7,0
WEYMOUTH - GUILDFORD,1,HASLEMERE,GUILDFORD,pass,13.62,36.8,17,0
WEYMOUTH - GUILDFORD,2,FARNCOMBE,GUILDFORD,pass,3.33,36.5,9,0
WEYMOUTH - GUILDFORD (2),1,HASLEMERE,GUILDFORD,pass,13.62,36.8,17,0
WEYMOUTH - GUILDFORD (2),2,FARNCOMBE,GUILDFORD,pass,3.33,36.5,6,0
WEYMOUTH - GUILDFORD (3),1,HASLEMERE,GUILDFORD,pass,13.62,36.8,17,0
WEYMOUTH - GUILDFORD (3),2,FARNCOMBE,GUILDFORD,pass,3.33,36.5,6,0
WEYMOUTH - WOKING,1,HASLEMERE,GUILDFORD,pass,13.62,36.8,18,0
WEYMOUTH - WOKING,2,GUILDFORD,WOKING,stop,6.69,57.5,7,3
WEYMOUTH - WOKING,3,FARNCOMBE,GUILDFORD,pass,3.33,36.5,6,0
WEYMOUTH - WOKING,4,GUILDFORD,WOKING,stop,6.69,57.5,7,3
WEYMOUTH - WOKING,5,GUILDFORD,WOKING,stop,6.69,57.5,7,3
WEYMOUTH - WOKING,6,BROOKWOOD,WOKING,stop,3.79,65.0,7,0
WEYMOUTH - WOKING (2),1,HASLEMERE,GUILDFORD,pass,13.62,36.8,18,0
WEYMOUTH - WOKING (2),2,GUILDFORD,WOKING,stop,6.69,57.5,8,1
WEYMOUTH - WOKING (2),3,FARNCOMBE,GUILDFORD,pass,3.33,36.5,6,0
WEYMOUTH - WOKING (2),4,GUILDFORD,WOKING,stop,6.69,57.5,8,1
WEYMOUTH - WOKING (2),5,GUILDFORD,WOKING,stop,6.69,57.5,8,1
WEYMOUTH - WOKING (3),1,HASLEMERE,GUILDFORD,pass,13.62,36.8,13,0
WEYMOUTH - WOKING (3),2,GUILDFORD,WOKING,stop,6.69,57.5,7,2
WEYMOUTH - WOKING (3),3,FARNCOMBE,GUILDFORD,pass,3.33,36.5,4,0
WEYMOUTH - WOKING (3),4,GUILDFORD,WOKING,stop,6.69,57.5,7,2
WEYMOUTH - WOKING (3),5,GUILDFORD,WOKING,stop,6.69,57.5,7,2
WEYMOUTH - WOKING (4),1,HASLEMERE,GUILDFORD,pass,13.62,36.8,12,0
WEYMOUTH - WOKING (4),2,GUILDFORD,WOKING,stop,6.69,57.5,14,2
WEYMOUTH - WOKING (4),3,FARNCOMBE,GUILDFORD,pass,3.33,36.5,4,0
WEYMOUTH - WOKING (4),4,GUILDFORD,WOKING,stop,6.69,57.5,14,2
WEYMOUTH - WOKING (4),5,GUILDFORD,WOKING,stop,6.69,57.5,14,2
WEYMOUTH - WOKING (5),1,HASLEMERE,GUILDFORD,pass,13.62,36.8,18,0
WEYMOUTH - WOKING (5),2,GUILDFORD,WOKING,stop,6.69,57.5,9,1
WEYMOUTH - WOKING (5),3,FARNCOMBE,GUILDFORD,pass,3.33,36.5,6,0
WEYMOUTH - WOKING (5),4,GUILDFORD,WOKING,stop,6.69,57.5,9,1
WEYMOUTH - WOKING (5),5,GUILDFORD,WOKING,stop,6.69,57.5,9,1
WEYMOUTH - WOKING (6),1,HASLEMERE,GUILDFORD,pass,13.62,36.8,20,0
WEYMOUTH - WOKING (6),2,GUILDFORD,WOKING,stop,6.69,57.5,8,4
WEYMOUTH - WOKING (6),3,FARNCOMBE,GUILDFORD,pass,3.33,36.5,12,0
WEYMOUTH - WOKING (6),4,GUILDFORD,WOKING,stop,6.69,57.5,8,4
WEYMOUTH - WOKING (6),5,GUILDFORD,WOKING,stop,6.69,57.5,8,4
WEYMOUTH - WOKING (7),1,HASLEMERE,GUILDFORD,pass,13.62,36.8,14,0
WEYMOUTH - WOKING (7),2,GUILDFORD,WOKING,stop,6.69,57.5,8,3
WEYMOUTH - WOKING (7),3,FARNCOMBE,GUILDFORD,pass,3.33,36.5,6,0
WEYMOUTH - WOKING (7),4,GUILDFORD,WOKING,stop,6.69,57.5,8,3
WEYMOUTH - WOKING (7),5,GUILDFORD,WOKING,stop,6.69,57.5,8,3
WEYMOUTH - WOKING (8),1,HASLEMERE,GUILDFORD,pass,13.62,36.8,15,0
WEYMOUTH - WOKING (8),2,GUILDFORD,WOKING,stop,6.69,57.5,14,1
WEYMOUTH - WOKING (8),3,FARNCOMBE,GUILDFORD,pass,3.33,36.5,4,0
WEYMOUTH - WOKING (8),4,GUILDFORD,WOKING,stop,6.69,57.5,14,1
WEYMOUTH - WOKING (8),5,GUILDFORD,WOKING,stop,6.69,57.5,14,1
WINCHESTER - SURBITON,1,BROOKWOOD,WOKING,stop,3.79,65.0,5,0
WINCHESTER - SURBITON,2,WOKING,WEST BYFLEET,stop,3.0,79.0,5,3
WINCHESTER - SURBITON,3,BROOKWOOD,WOKING,stop,3.79,65.0,5,0
WINCHESTER - SURBITON,4,WOKING,WEST BYFLEET,stop,3.0,79.0,5,3
WINCHESTER - SURBITON,5,WEST BYFLEET,BYFLEET & NEW HAW,stop,2.0,57.6,3,0
WINCHESTER - SURBITON,6,BROOKWOOD,WOKING,stop,3.79,65.0,5,0
WINCHESTER - SURBITON,7,WOKING,WEST BYFLEET,stop,3.0,79.0,5,3
WINCHESTER - SURBITON,8,WEST BYFLEET,WEYBRIDGE,stop,3.0,59.0,4,0
WINCHESTER - SURBITON (2),1,BROOKWOOD,WOKING,stop,3.79,65.0,5,0
WINCHESTER - SURBITON (2),2,WOKING,WEST BYFLEET,stop,3.0,79.0,4,2
WINCHESTER - SURBITON (2),3,WEST BYFLEET,WEYBRIDGE,stop,3.0,59.0,4,1
WINCHESTER - SURBITON (2),4,BROOKWOOD,WOKING,stop,3.79,65.0,5,0
WINCHESTER - SURBITON (2),5,WOKING,WEST BYFLEET,stop,3.0,79.0,4,2
WINCHESTER - SURBITON (2),6,WEST BYFLEET,BYFLEET & NEW HAW,stop,2.0,57.6,2,1
WINCHESTER - SURBITON (2),7,BYFLEET & NEW HAW,WEYBRIDGE,pass,6.79,18.6,2,0
WINCHESTER - SURBITON (3),1,BROOKWOOD,WOKING,stop,3.79,65.0,5,0
WINCHESTER - WOKING,1,GUILDFORD,WOKING,stop,6.69,57.5,25,5
WINCHESTER - WOKING,2,BROOKWOOD,WOKING,stop,3.79,65.0,4,1
WINCHESTER - WOKING (2),1,GUILDFORD,WOKING,stop,6.69,57.5,25,0
WINCHESTER - WOKING (3),1,GUILDFORD,WOKING,stop,6.69,57.5,25,5
WOKING - ALDERSHOT,1,WOKING,BROOKWOOD,stop,3.79,65.0,8,0
WOKING - ALTON,1,WOKING,BROOKWOOD,stop,3.79,65.0,5,0
WOKING - ALTON (2),1,WOKING,BROOKWOOD,stop,3.79,65.0,6,0
WOKING - ANDOVER,1,WOKING,GUILDFORD,stop,6.69,57.5,25,0
WOKING - ANDOVER (2),1,WOKING,GUILDFORD,stop,6.69,57.5,25,0
WOKING - BARNES,1,WOKING,WEST BYFLEET,stop,3.0,79.0,4,0
WOKING - BARNES,2,WEST BYFLEET,BYFLEET & NEW HAW,stop,2.0,57.6,3,0
WOKING - BARNES,3,BYFLEET & NEW HAW,ADDLESTONE,stop,1.81,17.2,4,1
WOKING - BARNES,4,ADDLESTONE,CHERTSEY,stop,1.67,17.1,3,0
WOKING - BASINGSTOKE,1,WOKING,BROOKWOOD,stop,3.79,65.0,5,1
WOKING - BOURNEMOUTH,1,WOKING,GUILDFORD,stop,6.69,57.5,8,1
WOKING - BOURNEMOUTH,2,GUILDFORD,HASLEMERE,stop,13.62,36.8,14,1
WOKING - BOURNEMOUTH,3,WOKING,GUILDFORD,stop,6.69,57.5,8,1
WOKING - BOURNEMOUTH,4,GUILDFORD,FARNCOMBE,stop,3.33,36.5,4,1
WOKING - BOURNEMOUTH,5,WOKING,GUILDFORD,stop,6.69,57.5,8,1
WOKING - BOURNEMOUTH (2),1,WOKING,GUILDFORD,stop,6.69,57.5,9,1
WOKING - BOURNEMOUTH (2),2,GUILDFORD,HASLEMERE,stop,13.62,36.8,14,1
WOKING - BOURNEMOUTH (2),3,WOKING,GUILDFORD,stop,6.69,57.5,9,1
WOKING - BOURNEMOUTH (2),4,GUILDFORD,FARNCOMBE,stop,3.33,36.5,4,1
WOKING - BOURNEMOUTH (2),5,WOKING,GUILDFORD,stop,6.69,57.5,9,1
WOKING - BOURNEMOUTH (3),1,WOKING,GUILDFORD,stop,6.69,57.5,8,1
WOKING - BOURNEMOUTH (3),2,GUILDFORD,HASLEMERE,stop,13.62,36.8,13,1
WOKING - BOURNEMOUTH (3),3,WOKING,GUILDFORD,stop,6.69,57.5,8,1
WOKING - BOURNEMOUTH (3),4,GUILDFORD,FARNCOMBE,stop,3.33,36.5,4,1
WOKING - BOURNEMOUTH (3),5,WOKING,GUILDFORD,stop,6.69,57.5,8,1
WOKING - EARLSFIELD,1,WOKING,WEST BYFLEET,stop,3.0,79.0,4,0
WOKING - EARLSFIELD,2,WEST BYFLEET,BYFLEET & NEW HAW,stop,2.0,57.6,3,0
WOKING - EARLSFIELD,3,BYFLEET & NEW HAW,WEYBRIDGE,stop,6.79,18.6,3,0
WOKING - EARLSFIELD,4,HERSHAM,ESHER,stop,1.72,17.1,3,0
WOKING - FAREHAM,1,WOKING,HASLEMERE,stop,19.96,39.3,26,0
WOKING - FAREHAM,2,WOKING,FARNCOMBE,stop,9.95,39.0,16,0
WOKING - FAREHAM,3,WOKING,GUILDFORD,stop,6.69,57.5,10,0
WOKING - FAREHAM,4,WOKING,BROOKWOOD,stop,3.79,65.0,6,0
WOKING - FAREHAM (2),1,WOKING,WORPLESDON,stop,2.73,38.8,4,2
WOKING - FAREHAM (2),2,WORPLESDON,GUILDFORD,stop,4.13,36.3,6,0
WOKING - FAREHAM (2),3,GUILDFORD,FARNCOMBE,stop,3.33,36.5,5,1
WOKING - FAREHAM (2),4,FARNCOMBE,GODALMING,stop,1.17,18.1,3,0
WOKING - FAREHAM (2),5,GODALMING,MILFORD,stop,1.98,18.1,4,0
WOKING - FAREHAM (2),6,MILFORD,WITLEY,stop,2.46,18.2,4,0
WOKING - FAREHAM (2),7,WITLEY,HASLEMERE,stop,5.09,18.5,7,1
WOKING - FRATTON PORTSMOUTH,1,WOKING,GUILDFORD,stop,6.69,57.5,8,2
WOKING - FRATTON PORTSMOUTH,2,GUILDFORD,FARNCOMBE,stop,3.33,36.5,5,1
WOKING - FRATTON PORTSMOUTH,3,FARNCOMBE,GODALMING,stop,1.17,18.1,2,1
WOKING - FRATTON PORTSMOUTH,4,GODALMING,HASLEMERE,stop,9.17,18.4,10,1
WOKING - FRATTON PORTSMOUTH (2),1,WOKING,WORPLESDON,stop,2.73,38.8,4,1
WOKING - FRATTON PORTSMOUTH (2),2,WORPLESDON,GUILDFORD,stop,4.13,36.3,5,1
WOKING - FRATTON PORTSMOUTH (2),3,GUILDFORD,FARNCOMBE,stop,3.33,36.5,5,2
WOKING - FRATTON PORTSMOUTH (2),4,FARNCOMBE,GODALMING,stop,1.17,18.1,2,1
WOKING - FRATTON PORTSMOUTH (2),5,GODALMING,MILFORD,stop,1.98,18.1,4,1
WOKING - FRATTON PORTSMOUTH (2),6,MILFORD,WITLEY,stop,2.46,18.2,4,0
WOKING - FRATTON PORTSMOUTH (2),7,WITLEY,HASLEMERE,stop,5.09,18.5,7,0
WOKING - FRATTON PORTSMOUTH (3),1,WOKING,GUILDFORD,stop,6.69,57.5,7,3
WOKING - FRATTON PORTSMOUTH (3),2,GUILDFORD,FARNCOMBE,stop,3.33,36.5,6,1
WOKING - FRATTON PORTSMOUTH (3),3,FARNCOMBE,GODALMING,stop,1.17,18.1,3,0
WOKING - FRATTON PORTSMOUTH (3),4,GODALMING,MILFORD,stop,1.98,18.1,4,0
WOKING - FRATTON PORTSMOUTH (3),5,MILFORD,WITLEY,stop,2.46,18.2,3,1
WOKING - FRATTON PORTSMOUTH (3),6,WITLEY,HASLEMERE,stop,5.09,18.5,6,1
WOKING - GUILDFORD,1,BYFLEET & NEW HAW,WOKING,pass,4.59,38.6,4,0
WOKING - GUILDFORD,2,WOKING,GUILDFORD,stop,6.69,57.5,8,2
WOKING - GUILDFORD,3,CHERTSEY,WOKING,pass,5.9,38.5,9,0
WOKING - GUILDFORD,4,WOKING,GUILDFORD,stop,6.69,57.5,7,1
WOKING - GUILDFORD,5,WEYBRIDGE,WOKING,pass,11.17,40.0,5,0
WOKING - GUILDFORD,6,WOKING,GUILDFORD,stop,6.69,57.5,8,2
WOKING - HASLEMERE,1,WOKING,WORPLESDON,stop,2.73,38.8,5,1
WOKING - HASLEMERE,2,WORPLESDON,GUILDFORD,stop,4.13,36.3,6,0
WOKING - HASLEMERE,3,GUILDFORD,FARNCOMBE,stop,3.33,36.5,5,2
WOKING - HASLEMERE,4,FARNCOMBE,GODALMING,stop,1.17,18.1,2,1
WOKING - HASLEMERE,5,GODALMING,MILFORD,stop,1.98,18.1,4,1
WOKING - HASLEMERE,6,MILFORD,WITLEY,stop,2.46,18.2,4,0
WOKING - HASLEMERE,7,WITLEY,HASLEMERE,stop,5.09,18.5,7,0
WOKING - HASLEMERE (2),1,WOKING,GUILDFORD,stop,6.69,57.5,7,1
WOKING - HASLEMERE (2),2,GUILDFORD,FARNCOMBE,stop,3.33,36.5,5,2
WOKING - HASLEMERE (2),3,FARNCOMBE,GODALMING,stop,1.17,18.1,2,1
WOKING - HASLEMERE (2),4,GODALMING,MILFORD,stop,1.98,18.1,4,1
WOKING - HASLEMERE (2),5,MILFORD,WITLEY,stop,2.46,18.2,4,0
WOKING - HASLEMERE (2),6,WITLEY,HASLEMERE,stop,5.09,18.5,7,0
WOKING - HASLEMERE (2),7,WOKING,GUILDFORD,stop,6.69,57.5,7,1
WOKING - HASLEMERE (2),8,GUILDFORD,GODALMING,stop,4.46,36.5,6,1
WOKING - HASLEMERE (2),9,GODALMING,HASLEMERE,stop,9.17,18.4,10,1
WOKING - HASLEMERE (2),10,WOKING,GUILDFORD,stop,6.69,57.5,7,1
WOKING - HASLEMERE (2),11,GUILDFORD,FARNCOMBE,stop,3.33,36.5,5,1
WOKING - HASLEMERE (2),12,FARNCOMBE,GODALMING,pass,1.17,18.1,1,0
WOKING - HASLEMERE (2),13,GODALMING,HASLEMERE,stop,9.17,18.4,10,1
WOKING - HAVANT,1,WOKING,GUILDFORD,stop,6.69,57.5,7,1
WOKING - HAVANT,2,GUILDFORD,GODALMING,stop,4.46,36.5,6,1
WOKING - HAVANT,3,GODALMING,HASLEMERE,stop,9.17,18.4,11,1
WOKING - HAVANT (2),1,WOKING,GUILDFORD,stop,6.69,57.5,7,1
WOKING - HAVANT (2),2,GUILDFORD,FARNCOMBE,stop,3.33,36.5,5,2
WOKING - HAVANT (2),3,FARNCOMBE,GODALMING,stop,1.17,18.1,2,2
WOKING - HAVANT (2),4,GODALMING,HASLEMERE,stop,9.17,18.4,10,1
WOKING - HAVANT (3),1,WOKING,WORPLESDON,stop,2.73,38.8,4,2
WOKING - HAVANT (3),2,WORPLESDON,GUILDFORD,stop,4.13,36.3,5,1
WOKING - HAVANT (3),3,GUILDFORD,FARNCOMBE,stop,3.33,36.5,5,3
WOKING - HAVANT (3),4,FARNCOMBE,GODALMING,stop,1.17,18.1,2,1
WOKING - HAVANT (3),5,GODALMING,MILFORD,stop,1.98,18.1,4,1
WOKING - HAVANT (3),6,MILFORD,WITLEY,stop,2.46,18.2,4,0
WOKING - HAVANT (3),7,WITLEY,HASLEMERE,stop,5.09,18.5,7,0
WOKING - HAVANT (4),1,WOKING,GUILDFORD,stop,6.69,57.5,8,1
WOKING - HAVANT (4),2,GUILDFORD,FARNCOMBE,stop,3.33,36.5,5,1
WOKING - HAVANT (4),3,FARNCOMBE,GODALMING,stop,1.17,18.1,2,1
WOKING - HAVANT (4),4,GODALMING,HASLEMERE,stop,9.17,18.4,10,1
WOKING - HAVANT (5),1,WOKING,GUILDFORD,stop,6.69,57.5,7,3
WOKING - HAVANT (5),2,GUILDFORD,FARNCOMBE,stop,3.33,36.5,6,1
WOKING - HAVANT (5),3,FARNCOMBE,GODALMING,stop,1.17,18.1,3,0
WOKING - HAVANT (5),4,GODALMING,MILFORD,stop,1.98,18.1,4,0
WOKING - HAVANT (5),5,MILFORD,WITLEY,stop,2.46,18.2,3,1
WOKING - HAVANT (5),6,WITLEY,HASLEMERE,stop,5.09,18.5,6,1
WOKING - HOUNSLOW,1,WOKING,WEST BYFLEET,stop,3.0,79.0,9,0
WOKING - HOUNSLOW,2,WEST BYFLEET,BYFLEET & NEW HAW,stop,2.0,57.6,9,0
WOKING - HOUNSLOW,3,BYFLEET & NEW HAW,ADDLESTONE,stop,1.81,17.2,10,0
WOKING - HOUNSLOW,4,ADDLESTONE,CHERTSEY,stop,1.67,17.1,8,0
WOKING - NORTHAM DEPOT,1,WOKING,HASLEMERE,stop,19.96,39.3,26,0
WOKING - NORTHAM DEPOT,2,WOKING,FARNCOMBE,stop,9.95,39.0,16,0
WOKING - NORTHAM DEPOT,3,WOKING,GUILDFORD,stop,6.69,57.5,10,0
WOKING - PETERSFIELD,1,WOKING,GUILDFORD,stop,6.69,57.5,7,1
WOKING - PETERSFIELD,2,GUILDFORD,FARNCOMBE,stop,3.33,36.5,6,1
WOKING - PETERSFIELD,3,FARNCOMBE,GODALMING,stop,1.17,18.1,3,0
WOKING - PETERSFIELD,4,GODALMING,HASLEMERE,stop,9.17,18.4,11,0
WOKING - PETERSFIELD (2),1,WOKING,GUILDFORD,stop,6.69,57.5,7,1
WOKING - PETERSFIELD (2),2,GUILDFORD,GODALMING,stop,4.46,36.5,6,1
WOKING - PETERSFIELD (2),3,GODALMING,HASLEMERE,stop,9.17,18.4,10,1
WOKING - PETERSFIELD (3),1,WOKING,GUILDFORD,stop,6.69,57.5,7,1
WOKING - PETERSFIELD (3),2,GUILDFORD,GODALMING,stop,4.46,36.5,6,2
WOKING - PETERSFIELD (3),3,GODALMING,HASLEMERE,stop,9.17,18.4,10,1
WOKING - PETERSFIELD (4),1,WOKING,GUILDFORD,stop,6.69,57.5,8,2
WOKING - PETERSFIELD (4),2,GUILDFORD,FARNCOMBE,stop,3.33,36.5,5,1
WOKING - PETERSFIELD (4),3,FARNCOMBE,GODALMING,stop,1.17,18.1,2,1
WOKING - PETERSFIELD (4),4,GODALMING,HASLEMERE,stop,9.17,18.4,10,1
WOKING - PETERSFIELD (5),1,WOKING,WORPLESDON,stop,2.73,38.8,4,2
WOKING - PETERSFIELD (5),2,WORPLESDON,GUILDFORD,stop,4.13,36.3,5,1
WOKING - PETERSFIELD (5),3,GUILDFORD,FARNCOMBE,stop,3.33,36.5,5,2
WOKING - PETERSFIELD (5),4,FARNCOMBE,GODALMING,stop,1.17,18.1,2,1
WOKING - PETERSFIELD (5),5,GODALMING,MILFORD,stop,1.98,18.1,4,1
WOKING - PETERSFIELD (5),6,MILFORD,WITLEY,stop,2.46,18.2,4,0
WOKING - PETERSFIELD (5),7,WITLEY,HASLEMERE,stop,5.09,18.5,7,0
WOKING - PETERSFIELD (6),1,WOKING,GUILDFORD,stop,6.69,57.5,7,1
WOKING - PETERSFIELD (6),2,GUILDFORD,FARNCOMBE,stop,3.33,36.5,5,2
WOKING - PETERSFIELD (6),3,FARNCOMBE,GODALMING,stop,1.17,18.1,2,1
WOKING - PETERSFIELD (6),4,GODALMING,MILFORD,stop,1.98,18.1,4,1
WOKING - PETERSFIELD (6),5,MILFORD,WITLEY,stop,2.46,18.2,4,0
WOKING - PETERSFIELD (6),6,WITLEY,HASLEMERE,stop,5.09,18.5,7,0
WOKING - POOLE,1,WOKING,GUILDFORD,stop,6.69,57.5,8,1
WOKING - POOLE,2,GUILDFORD,HASLEMERE,stop,13.62,36.8,14,1
WOKING - POOLE,3,WOKING,GUILDFORD,stop,6.69,57.5,8,1
WOKING - POOLE,4,GUILDFORD,FARNCOMBE,stop,3.33,36.5,4,1
WOKING - POOLE,5,WOKING,GUILDFORD,stop,6.69,57.5,8,1
WOKING - POOLE (2),1,WOKING,GUILDFORD,stop,6.69,57.5,8,1
WOKING - POOLE (2),2,GUILDFORD,HASLEMERE,stop,13.62,36.8,14,1
WOKING - POOLE (2),3,WOKING,GUILDFORD,stop,6.69,57.5,8,1
WOKING - POOLE (2),4,GUILDFORD,FARNCOMBE,stop,3.33,36.5,4,1
WOKING - POOLE (2),5,WOKING,GUILDFORD,stop,6.69,57.5,8,1
WOKING - POOLE (3),1,WOKING,GUILDFORD,stop,6.69,57.5,9,1
WOKING - POOLE (3),2,GUILDFORD,HASLEMERE,stop,13.62,36.8,14,1
WOKING - POOLE (3),3,WOKING,GUILDFORD,stop,6.69,57.5,9,1
WOKING - POOLE (3),4,GUILDFORD,FARNCOMBE,stop,3.33,36.5,4,1
WOKING - POOLE (3),5,WOKING,GUILDFORD,stop,6.69,57.5,9,1
WOKING - PORTSMOUTH & SOUTHSEA,1,WOKING,WORPLESDON,stop,2.73,38.8,4,2
WOKING - PORTSMOUTH & SOUTHSEA,2,WORPLESDON,GUILDFORD,stop,4.13,36.3,6,1
WOKING - PORTSMOUTH & SOUTHSEA,3,GUILDFORD,FARNCOMBE,stop,3.33,36.5,5,2
WOKING - PORTSMOUTH & SOUTHSEA,4,FARNCOMBE,GODALMING,stop,1.17,18.1,2,1
WOKING - PORTSMOUTH & SOUTHSEA,5,GODALMING,MILFORD,stop,1.98,18.1,4,1
WOKING - PORTSMOUTH & SOUTHSEA,6,MILFORD,WITLEY,stop,2.46,18.2,4,0
WOKING - PORTSMOUTH & SOUTHSEA,7,WITLEY,HASLEMERE,stop,5.09,18.5,7,0
WOKING - PORTSMOUTH HARBOUR,1,WOKING,GUILDFORD,stop,6.69,57.5,7,3
WOKING - PORTSMOUTH HARBOUR,2,GUILDFORD,FARNCOMBE,stop,3.33,36.5,6,1
WOKING - PORTSMOUTH HARBOUR,3,FARNCOMBE,GODALMING,stop,1.17,18.1,3,0
WOKING - PORTSMOUTH HARBOUR,4,GODALMING,MILFORD,stop,1.98,18.1,4,0
WOKING - PORTSMOUTH HARBOUR,5,MILFORD,WITLEY,stop,2.46,18.2,3,1
WOKING - PORTSMOUTH HARBOUR,6,WITLEY,HASLEMERE,stop,5.09,18.5,6,1
WOKING - PORTSMOUTH HARBOUR,7,WOKING,BROOKWOOD,stop,3.79,65.0,6,0
WOKING - PORTSMOUTH HARBOUR (2),1,WOKING,GUILDFORD,stop,6.69,57.5,7,1
WOKING - PORTSMOUTH HARBOUR (2),2,GUILDFORD,GODALMING,stop,4.46,36.5,6,2
WOKING - PORTSMOUTH HARBOUR (2),3,GODALMING,HASLEMERE,stop,9.17,18.4,12,1
WOKING - PORTSMOUTH HARBOUR (2),4,WOKING,BROOKWOOD,stop,3.79,65.0,6,0
WOKING - PORTSMOUTH HARBOUR (3),1,WOKING,GUILDFORD,stop,6.69,57.5,7,1
WOKING - PORTSMOUTH HARBOUR (3),2,GUILDFORD,FARNCOMBE,stop,3.33,36.5,6,1
WOKING - PORTSMOUTH HARBOUR (3),3,FARNCOMBE,GODALMING,stop,1.17,18.1,3,1
WOKING - PORTSMOUTH HARBOUR (3),4,GODALMING,HASLEMERE,stop,9.17,18.4,11,0
WOKING - PORTSMOUTH HARBOUR (4),1,WOKING,WORPLESDON,stop,2.73,38.8,4,1
WOKING - PORTSMOUTH HARBOUR (4),2,WORPLESDON,GUILDFORD,stop,4.13,36.3,5,2
WOKING - PORTSMOUTH HARBOUR (4),3,GUILDFORD,GODALMING,stop,4.46,36.5,6,4
WOKING - PORTSMOUTH HARBOUR (4),4,GODALMING,HASLEMERE,stop,9.17,18.4,10,1
WOKING - PORTSMOUTH HARBOUR (4),5,WOKING,WORPLESDON,stop,2.73,38.8,4,1
WOKING - PORTSMOUTH HARBOUR (4),6,WORPLESDON,GUILDFORD,stop,4.13,36.3,5,2
WOKING - PORTSMOUTH HARBOUR (4),7,GUILDFORD,FARNCOMBE,stop,3.33,36.5,4,4
WOKING - PORTSMOUTH HARBOUR (4),8,FARNCOMBE,GODALMING,pass,1.17,18.1,2,0
WOKING - PORTSMOUTH HARBOUR (4),9,GODALMING,HASLEMERE,stop,9.17,18.4,10,1
WOKING - PORTSMOUTH HARBOUR (5),1,WOKING,WORPLESDON,stop,2.73,38.8,4,5
WOKING - PORTSMOUTH HARBOUR (5),2,WORPLESDON,GUILDFORD,stop,4.13,36.3,5,1
WOKING - PORTSMOUTH HARBOUR (5),3,GUILDFORD,FARNCOMBE,stop,3.33,36.5,5,3
WOKING - PORTSMOUTH HARBOUR (5),4,FARNCOMBE,GODALMING,stop,1.17,18.1,2,1
WOKING - PORTSMOUTH HARBOUR (5),5,GODALMING,MILFORD,stop,1.98,18.1,4,1
WOKING - PORTSMOUTH HARBOUR (5),6,MILFORD,WITLEY,stop,2.46,18.2,4,0
WOKING - PORTSMOUTH HARBOUR (5),7,WITLEY,HASLEMERE,stop,5.09,18.5,7,0
WOKING - PORTSMOUTH HARBOUR (6),1,WOKING,GUILDFORD,stop,6.69,57.5,8,1
WOKING - PORTSMOUTH HARBOUR (6),2,GUILDFORD,FARNCOMBE,stop,3.33,36.5,5,1
WOKING - PORTSMOUTH HARBOUR (6),3,FARNCOMBE,GODALMING,stop,1.17,18.1,2,1
WOKING - PORTSMOUTH HARBOUR (6),4,GODALMING,HASLEMERE,stop,9.17,18.4,10,1
WOKING - PORTSMOUTH HARBOUR (6),5,WOKING,GUILDFORD,stop,6.69,57.5,10,1
WOKING - PORTSMOUTH HARBOUR (6),6,GUILDFORD,FARNCOMBE,stop,3.33,36.5,5,1
WOKING - PORTSMOUTH HARBOUR (6),7,FARNCOMBE,GODALMING,pass,1.17,18.1,1,0
WOKING - PORTSMOUTH HARBOUR (6),8,GODALMING,HASLEMERE,stop,9.17,18.4,10,1
WOKING - PORTSMOUTH HARBOUR (7),1,WOKING,GUILDFORD,stop,6.69,57.5,10,1
WOKING - PORTSMOUTH HARBOUR (7),2,GUILDFORD,GODALMING,stop,4.46,36.5,6,1
WOKING - PORTSMOUTH HARBOUR (7),3,GODALMING,HASLEMERE,stop,9.17,18.4,10,1
WOKING - PORTSMOUTH HARBOUR (8),1,WOKING,GUILDFORD,stop,6.69,57.5,9,1
WOKING - PORTSMOUTH HARBOUR (8),2,GUILDFORD,FARNCOMBE,stop,3.33,36.5,5,5
WOKING - PORTSMOUTH HARBOUR (8),3,FARNCOMBE,GODALMING,stop,1.17,18.1,2,1
WOKING - PORTSMOUTH HARBOUR (8),4,GODALMING,MILFORD,stop,1.98,18.1,4,1
WOKING - PORTSMOUTH HARBOUR (8),5,MILFORD,WITLEY,stop,2.46,18.2,4,0
WOKING - PORTSMOUTH HARBOUR (8),6,WITLEY,HASLEMERE,stop,5.09,18.5,7,0
WOKING - QUEENSTOWN ROAD(BATTERSEA),1,WOKING,WEST BYFLEET,stop,3.0,79.0,5,0
WOKING - QUEENSTOWN ROAD(BATTERSEA),2,WEST BYFLEET,BYFLEET & NEW HAW,stop,2.0,57.6,3,0
WOKING - QUEENSTOWN ROAD(BATTERSEA),3,BYFLEET & NEW HAW,ADDLESTONE,stop,1.81,17.2,4,0
WOKING - QUEENSTOWN ROAD(BATTERSEA),4,ADDLESTONE,CHERTSEY,stop,1.67,17.1,3,0
WOKING - SALISBURY,1,WOKING,GUILDFORD,stop,6.69,57.5,25,0
WOKING - SOUTHAMPTON CENTRAL,1,WOKING,WORPLESDON,stop,2.73,38.8,5,1
WOKING - SOUTHAMPTON CENTRAL,2,WORPLESDON,GUILDFORD,stop,4.13,36.3,5,0
WOKING - SOUTHAMPTON CENTRAL,3,GUILDFORD,FARNCOMBE,stop,3.33,36.5,6,1
WOKING - SOUTHAMPTON CENTRAL,4,FARNCOMBE,GODALMING,stop,1.17,18.1,2,0
WOKING - SOUTHAMPTON CENTRAL,5,GODALMING,MILFORD,stop,1.98,18.1,4,1
WOKING - SOUTHAMPTON CENTRAL,6,MILFORD,WITLEY,stop,2.46,18.2,4,0
WOKING - SOUTHAMPTON CENTRAL,7,WITLEY,HASLEMERE,stop,5.09,18.5,7,0
WOKING - SOUTHAMPTON CENTRAL,8,WOKING,BROOKWOOD,stop,3.79,65.0,5,1
WOKING - SOUTHAMPTON CENTRAL (2),1,WOKING,HASLEMERE,stop,19.96,39.3,23,0
WOKING - SOUTHAMPTON CENTRAL (2),2,WOKING,FARNCOMBE,stop,9.95,39.0,14,0
WOKING - SOUTHAMPTON CENTRAL (2),3,WOKING,GUILDFORD,stop,6.69,57.5,9,0
WOKING - SOUTHAMPTON CENTRAL (3),1,WOKING,WORPLESDON,stop,2.73,38.8,4,1
WOKING - SOUTHAMPTON CENTRAL (3),2,WORPLESDON,GUILDFORD,stop,4.13,36.3,6,0
WOKING - SOUTHAMPTON CENTRAL (3),3,GUILDFORD,FARNCOMBE,stop,3.33,36.5,5,1
WOKING - SOUTHAMPTON CENTRAL (3),4,FARNCOMBE,GODALMING,stop,1.17,18.1,3,0
WOKING - SOUTHAMPTON CENTRAL (3),5,GODALMING,MILFORD,stop,1.98,18.1,4,0
WOKING - SOUTHAMPTON CENTRAL (3),6,MILFORD,WITLEY,stop,2.46,18.2,4,0
WOKING - SOUTHAMPTON CENTRAL (3),7,WITLEY,HASLEMERE,stop,5.09,18.5,8,0
WOKING - SOUTHAMPTON CENTRAL (4),1,WOKING,WORPLESDON,stop,2.73,38.8,4,1
WOKING - SOUTHAMPTON CENTRAL (4),2,WORPLESDON,GUILDFORD,stop,4.13,36.3,5,1
WOKING - SOUTHAMPTON CENTRAL (4),3,GUILDFORD,FARNCOMBE,stop,3.33,36.5,5,2
WOKING - SOUTHAMPTON CENTRAL (4),4,FARNCOMBE,GODALMING,stop,1.17,18.1,2,1
WOKING - SOUTHAMPTON CENTRAL (4),5,GODALMING,MILFORD,stop,1.98,18.1,4,1
WOKING - SOUTHAMPTON CENTRAL (4),6,MILFORD,WITLEY,stop,2.46,18.2,4,0
WOKING - SOUTHAMPTON CENTRAL (4),7,WITLEY,HASLEMERE,stop,5.09,18.5,7,0
WOKING - SOUTHAMPTON CENTRAL (5),1,WOKING,GUILDFORD,stop,6.69,57.5,25,0
WOKING - SURBITON,1,WOKING,WEST BYFLEET,stop,3.0,79.0,4,0
WOKING - SURBITON,2,WEST BYFLEET,WEYBRIDGE,stop,3.0,59.0,4,0
WOKING - SURBITON,3,WOKING,WEST BYFLEET,stop,3.0,79.0,4,0
WOKING - SURBITON,4,WEST BYFLEET,BYFLEET & NEW HAW,stop,2.0,57.6,3,0
WOKING - SURBITON,5,BYFLEET & NEW HAW,WEYBRIDGE,pass,6.79,18.6,1,0
WOKING - SURBITON (2),1,WOKING,WEST BYFLEET,stop,3.0,79.0,4,0
WOKING - SURBITON (2),2,WEST BYFLEET,BYFLEET & NEW HAW,stop,2.0,57.6,3,1
WOKING - SURBITON (2),3,BYFLEET & NEW HAW,WEYBRIDGE,stop,6.79,18.6,3,0
WOKING - SURBITON (2),4,HERSHAM,ESHER,stop,1.72,17.1,3,0
WOKING - SURBITON (3),1,WOKING,WEST BYFLEET,stop,3.0,79.0,5,0
WOKING - SURBITON (3),2,WEST BYFLEET,WEYBRIDGE,stop,3.0,59.0,4,0
WOKING - SURBITON (3),3,HERSHAM,ESHER,stop,1.72,17.1,3,0
WOKING - SURBITON (3),4,WOKING,BYFLEET & NEW HAW,stop,4.59,38.6,5,0
WOKING - SURBITON (4),1,WOKING,WEYBRIDGE,stop,11.17,40.0,11,0
WOKING - UP LOOP,1,WOKING,BYFLEET & NEW HAW,stop,4.59,38.6,5,0
WOKING - UP LOOP,2,WOKING,CHERTSEY,stop,5.9,38.5,9,0
WOKING - WANDSWORTH TOWN,1,WOKING,WEST BYFLEET,stop,3.0,79.0,5,0
WOKING - WANDSWORTH TOWN,2,WEST BYFLEET,BYFLEET & NEW HAW,stop,2.0,57.6,3,0
WOKING - WANDSWORTH TOWN,3,BYFLEET & NEW HAW,ADDLESTONE,stop,1.81,17.2,4,0
WOKING - WANDSWORTH TOWN,4,ADDLESTONE,CHERTSEY,stop,1.67,17.1,3,0
WOKING - WEYBRIDGE,1,WOKING,WEST BYFLEET,stop,3.0,79.0,9,0
WOKING - WEYBRIDGE,2,WEST BYFLEET,BYFLEET & NEW HAW,stop,2.0,57.6,9,0
WOKING - WEYBRIDGE,3,BYFLEET & NEW HAW,WEYBRIDGE,stop,6.79,18.6,14,0
WOKING - WEYMOUTH,1,WOKING,GUILDFORD,stop,6.69,57.5,8,1
WOKING - WEYMOUTH,2,GUILDFORD,HASLEMERE,stop,13.62,36.8,14,1
WOKING - WEYMOUTH,3,WOKING,GUILDFORD,stop,6.69,57.5,8,1
WOKING - WEYMOUTH,4,GUILDFORD,FARNCOMBE,stop,3.33,36.5,4,1
WOKING - WEYMOUTH,5,WOKING,GUILDFORD,stop,6.69,57.5,8,1
WOKING - WEYMOUTH (2),1,WOKING,GUILDFORD,stop,6.69,57.5,8,1
WOKING - WEYMOUTH (2),2,GUILDFORD,HASLEMERE,stop,13.62,36.8,13,1
WOKING - WEYMOUTH (2),3,WOKING,GUILDFORD,stop,6.69,57.5,8,1
WOKING - WEYMOUTH (2),4,GUILDFORD,FARNCOMBE,stop,3.33,36.5,4,1
WOKING - WEYMOUTH (2),5,WOKING,GUILDFORD,stop,6.69,57.5,8,1
WOKING - WEYMOUTH (3),1,WOKING,GUILDFORD,stop,6.69,57.5,8,1
WOKING - WEYMOUTH (3),2,GUILDFORD,HASLEMERE,stop,13.62,36.8,14,1
WOKING - WEYMOUTH (3),3,WOKING,GUILDFORD,stop,6.69,57.5,8,1
WOKING - WEYMOUTH (3),4,GUILDFORD,FARNCOMBE,stop,3.33,36.5,4,1
WOKING - WEYMOUTH (3),5,WOKING,GUILDFORD,stop,6.69,57.5,8,1
WOKING - WEYMOUTH (4),1,WOKING,GUILDFORD,stop,6.69,57.5,8,1
WOKING - WEYMOUTH (4),2,GUILDFORD,HASLEMERE,stop,13.62,36.8,13,1
WOKING - WEYMOUTH (4),3,WOKING,GUILDFORD,stop,6.69,57.5,8,1
WOKING - WEYMOUTH (4),4,GUILDFORD,FARNCOMBE,stop,3.33,36.5,4,1
WOKING - WEYMOUTH (4),5,WOKING,GUILDFORD,stop,6.69,57.5,8,1
WOKING - WEYMOUTH (5),1,WOKING,GUILDFORD,stop,6.69,57.5,8,1
WOKING - WEYMOUTH (5),2,GUILDFORD,HASLEMERE,stop,13.62,36.8,13,1
WOKING - WEYMOUTH (5),3,WOKING,GUILDFORD,stop,6.69,57.5,8,1
WOKING - WEYMOUTH (5),4,GUILDFORD,FARNCOMBE,stop,3.33,36.5,4,1
WOKING - WEYMOUTH (5),5,WOKING,GUILDFORD,stop,6.69,57.5,8,1
WOKING - WINCHESTER,1,WOKING,GUILDFORD,stop,6.69,57.5,25,0
WOKING - WINCHESTER,2,WOKING,BROOKWOOD,stop,3.79,65.0,6,0
WOKING - WINCHESTER (2),1,WOKING,GUILDFORD,stop,6.69,57.5,25,0
WOKING - WOKING,1,WOKING,GUILDFORD,stop,6.69,57.5,7,0
WOKING - WOKING,2,BYFLEET & NEW HAW,WOKING,pass,4.59,38.6,10,0
WOKING - WOKING,3,CHERTSEY,WOKING,pass,5.9,38.5,14,0
WOKING - WOKING,4,WEYBRIDGE,WOKING,pass,11.17,40.0,8,0
WOKING - WOKING (2),1,WOKING,BYFLEET & NEW HAW,stop,4.59,38.6,5,0
WOKING - WOKING (2),2,WOKING,CHERTSEY,stop,5.9,38.5,11,0
WOKING - WOKING (2),3,WOKING,WEYBRIDGE,stop,11.17,40.0,6,0
