Station,TSS
ADDERLEY_PARK,NECHELLS_(WASHWOOD)
ALVECHURCH,WINSON_GREEN
ASTON,WINSON_GREEN
BARNT_GREEN,WINSON_GREEN
BERKSWELL,PATFORD_BRIDGE
BESCOT_STADIUM,NECHELLS_(WASHWOOD)
BIRMINGHAM_INTERNATIONAL,NECHELLS_(WASHWOOD)
BIRMINGHAM_MOOR_STREET,NECHELLS_(WASHWOOD)
BIRMINGHAM_NEW_STREET,WINSON_GREEN
BIRMINGHAM_SNOW_HILL,NECHELLS_(WASHWOOD)
BLAKE_STREET,NECHELLS_(WASHWOOD)
BLOXWICH,WILLENHALL
BLOXWICH_NORTH,WILLENHALL
BOURNVILLE,WINSON_GREEN
BROMSGROVE,WINSON_GREEN
BUTLERS_LANE,NECHELLS_(WASHWOOD)
CANLEY,LONG_BUCKBY_WHARF_(PB)
CANNOCK,WILLENHALL
CHESTER_ROAD,NECHELLS_(WASHWOOD)
COSELEY,SMETHWICK
COVENTRY,LONG_BUCKBY_WHARF_(PB)
CRADLEY_HEATH,SMETHWICK
DORRIDGE,LONG_BUCKBY_WHARF_(PB)
DUDDESTON,NECHELLS_(WASHWOOD)
DUDLEY_PORT,SMETHWICK
ERDINGTON,NECHELLS_(WASHWOOD)
FIVE_WAYS,WINSON_GREEN
FOUR_OAKS,NECHELLS_(WASHWOOD)
GRAVELLY_HILL,NECHELLS_(WASHWOOD)
HAMPTON-IN-ARDEN,LONG_BUCKBY_WHARF_(PB)
HAMSTEAD,WINSON_GREEN
HEDNESFORD,WILLENHALL
JEWELLERY_QUARTER,NECHELLS_(WASHWOOD)
KINGS_NORTON,WINSON_GREEN
LANDYWOOD,WILLENHALL
LEA_HALL,NECHELLS_(WASHWOOD)
LICHFIELD_CITY,NECHELLS_(WASHWOOD)
LICHFIELD_TRENT_VALLEY,NECHELLS_(WASHWOOD)
LONGBRIDGE,WINSON_GREEN
MARSTON_GREEN,NECHELLS_(WASHWOOD)
NORTHFIELD,WINSON_GREEN
PERRY_BARR,NECHELLS_(WASHWOOD)
REDDITCH,WINSON_GREEN
ROWLEY_REGIS,SMETHWICK
RUGBY,LONG_BUCKBY_WHARF_(PB)
RUGELEY_TOWN,BRERETON_-_RUGELEY
RUGELEY_TRENT_VALLEY,BRERETON_-_RUGELEY
SANDWELL_&_DUDLEY,SMETHWICK
SELLY_OAK,WINSON_GREEN
SHENSTONE,BRERETON_-_RUGELEY
SMETHWICK_GALTON_BRIDGE,SMETHWICK
SMETHWICK_ROLFE_STREET,SMETHWICK
SOLIHULL,LONG_BUCKBY_WHARF_(PB)
STAFFORD,STAFFORD
STECHFORD,NECHELLS_(WASHWOOD)
STOURBRIDGE_JUNCTION,SMETHWICK
SUTTON_COLDFIELD,NECHELLS_(WASHWOOD)
TAME_BRIDGE_PARKWAY,NECHELLS_(WASHWOOD)
THE_HAWTHORNS,SMETHWICK
TILE_HILL,NECHELLS_(WASHWOOD)
TIPTON,SMETHWICK
UNIVERSITY,WINSON_GREEN
WALSALL,WILLENHALL
WITTON,NECHELLS_(WASHWOOD)
WOLVERHAMPTON,WILLENHALL
WYLDE_GREEN,NECHELLS_(WASHWOOD)
