route_variant,seq,from_station,to_station,distance,run_min,dwell_time
BIRMINGHAM_INTERNATIONA_WOLVERHAMPTON,1,BIRMINGHAM_INTERNATIONAL,BIRMINGHAM_NEW_STREET,8.225,18,0.5
BIRMINGHAM_INTERNATIONA_WOLVERHAMPTON,2,BIRMINGHAM_NEW_STREET,SANDWELL_&_DUDLEY,5.2875,8,0.5
BIRMINGHAM_INTERNATIONA_WOLVERHAMPTON,3,SANDWELL_&_DUDLEY,WOLVERHAMPTON,7.5875,10,0.5
WOLVERHAMPTON_BIRMINGHAM_INTERNATIONAL,1,WOLVERHAMPTON,SANDWELL_&_DUDLEY,7.5875,10,0.5
WOLVERHAMPTON_BIRMINGHAM_INTERNATIONAL,2,SANDWELL_&_DUDLEY,BIRMINGHAM_NEW_STREET,5.2875,8,0.5
WOLVERHAMPTON_BIRMINGHAM_INTERNATIONAL,3,BIRMINGHAM_NEW_STREET,BIRMINGHAM_INTERNATIONAL,8.225,18,0.5
BIRMINGHAM_MOOR_STREET_DORRIDGE,1,BIRMINGHAM_MOOR_STREET,SOLIHULL,6.5125,7,0.5
BIRMINGHAM_MOOR_STREET_DORRIDGE,2,SOLIHULL,DORRIDGE,3.375,5,0.5
DORRIDGE_BIRMINGHAM_MOOR_STREET,1,DORRIDGE,SOLIHULL,3.375,5,0.5
DORRIDGE_BIRMINGHAM_MOOR_STREET,2,SOLIHULL,BIRMINGHAM_MOOR_STREET,6.5125,7,0.5
STOURBRIDGE_JUNCTION_DORRIDGE,1,STOURBRIDGE_JUNCTION,ROWLEY_REGIS,5.35,10,0.5
STOURBRIDGE_JUNCTION_DORRIDGE,2,ROWLEY_REGIS,BIRMINGHAM_SNOW_HILL,6.6,11,0.5
STOURBRIDGE_JUNCTION_DORRIDGE,3,BIRMINGHAM_SNOW_HILL,BIRMINGHAM_MOOR_STREET,0.624,2,0.5
STOURBRIDGE_JUNCTION_DORRIDGE,4,BIRMINGHAM_MOOR_STREET,SOLIHULL,6.5125,7,0.5
STOURBRIDGE_JUNCTION_DORRIDGE,5,SOLIHULL,DORRIDGE,3.375,5,0.5
DORRIDGE_STOURBRIDGE_JUNCTION,1,DORRIDGE,SOLIHULL,3.375,5,0.5
DORRIDGE_STOURBRIDGE_JUNCTION,2,SOLIHULL,BIRMINGHAM_MOOR_STREET,6.5125,7,0.5
DORRIDGE_STOURBRIDGE_JUNCTION,3,BIRMINGHAM_MOOR_STREET,BIRMINGHAM_SNOW_HILL,0.624,2,0.5
DORRIDGE_STOURBRIDGE_JUNCTION,4,BIRMINGHAM_SNOW_HILL,ROWLEY_REGIS,6.6,11,0.5
DORRIDGE_STOURBRIDGE_JUNCTION,5,ROWLEY_REGIS,STOURBRIDGE_JUNCTION,5.35,10,0.5
BIRMINGHAM_SNOW_HILL_DORRIDGE,1,BIRMINGHAM_SNOW_HILL,BIRMINGHAM_MOOR_STREET,0.624,2,0.5
BIRMINGHAM_SNOW_HILL_DORRIDGE,2,BIRMINGHAM_MOOR_STREET,SOLIHULL,6.5125,7,0.5
BIRMINGHAM_SNOW_HILL_DORRIDGE,3,SOLIHULL,DORRIDGE,3.375,5,0.5
DORRIDGE_BIRMINGHAM_SNOW_HILL,1,DORRIDGE,SOLIHULL,3.375,5,0.5
DORRIDGE_BIRMINGHAM_SNOW_HILL,2,SOLIHULL,BIRMINGHAM_MOOR_STREET,6.5125,7,0.5
DORRIDGE_BIRMINGHAM_SNOW_HILL,3,BIRMINGHAM_MOOR_STREET,BIRMINGHAM_SNOW_HILL,0.624,2,0.5
WOLVERHAMPTON_COVENTRY,1,WOLVERHAMPTON,BIRMINGHAM_NEW_STREET,12.875,19,0.5
WOLVERHAMPTON_COVENTRY,2,BIRMINGHAM_NEW_STREET,BIRMINGHAM_INTERNATIONAL,8.225,9,0.5
WOLVERHAMPTON_COVENTRY,3,BIRMINGHAM_INTERNATIONAL,COVENTRY,10.7,10,0.5
RUGBY_WOLVERHAMPTON,1,RUGBY,COVENTRY,11.4875,10,0.5
RUGBY_WOLVERHAMPTON,2,COVENTRY,BIRMINGHAM_INTERNATIONAL,10.7,10,0.5
RUGBY_WOLVERHAMPTON,3,BIRMINGHAM_INTERNATIONAL,BIRMINGHAM_NEW_STREET,8.225,9,0.5
RUGBY_WOLVERHAMPTON,4,BIRMINGHAM_NEW_STREET,SANDWELL_&_DUDLEY,5.2875,8,0.5
RUGBY_WOLVERHAMPTON,5,SANDWELL_&_DUDLEY,WOLVERHAMPTON,7.5875,10,0.5
BIRMINGHAM_NEW_STREET_RUGBY,1,BIRMINGHAM_NEW_STREET,BIRMINGHAM_INTERNATIONAL,8.225,9,0.5
BIRMINGHAM_NEW_STREET_RUGBY,2,BIRMINGHAM_INTERNATIONAL,COVENTRY,10.7,10,0.5
BIRMINGHAM_NEW_STREET_RUGBY,3,COVENTRY,RUGBY,11.4875,10,0.5
RUGBY_BIRMINGHAM_NEW_STREET,1,RUGBY,COVENTRY,11.4875,10,0.5
RUGBY_BIRMINGHAM_NEW_STREET,2,COVENTRY,BIRMINGHAM_INTERNATIONAL,10.7,10,0.5
RUGBY_BIRMINGHAM_NEW_STREET,3,BIRMINGHAM_INTERNATIONAL,BIRMINGHAM_NEW_STREET,8.225,9,0.5
STAFFORD_COVENTRY,1,STAFFORD,WOLVERHAMPTON,15,18,0.5
STAFFORD_COVENTRY,2,WOLVERHAMPTON,SANDWELL_&_DUDLEY,7.5875,10,0.5
STAFFORD_COVENTRY,3,SANDWELL_&_DUDLEY,BIRMINGHAM_NEW_STREET,5.2875,8,0.5
STAFFORD_COVENTRY,4,BIRMINGHAM_NEW_STREET,BIRMINGHAM_INTERNATIONAL,8.225,9,0.5
STAFFORD_COVENTRY,5,BIRMINGHAM_INTERNATIONAL,COVENTRY,10.7,10,0.5
COVENTRY_STAFFORD,1,COVENTRY,BIRMINGHAM_INTERNATIONAL,10.7,10,0.5
COVENTRY_STAFFORD,2,BIRMINGHAM_INTERNATIONAL,BIRMINGHAM_NEW_STREET,8.225,9,0.5
COVENTRY_STAFFORD,3,BIRMINGHAM_NEW_STREET,SANDWELL_&_DUDLEY,5.2875,8,0.5
COVENTRY_STAFFORD,4,SANDWELL_&_DUDLEY,WOLVERHAMPTON,7.5875,10,0.5
COVENTRY_STAFFORD,5,WOLVERHAMPTON,STAFFORD,15,18,0.5
CROSS_CITY_LINE_A,1,LICHFIELD_TRENT_VALLEY,LICHFIELD_CITY,1.15,2.75,0.5
CROSS_CITY_LINE_A,2,LICHFIELD_CITY,SHENSTONE,3.03,5.75,0.5
CROSS_CITY_LINE_A,3,SHENSTONE,BLAKE_STREET,2.38,4,0.5
CROSS_CITY_LINE_A,4,BLAKE_STREET,BUTLERS_LANE,0.89,2,0.5
CROSS_CITY_LINE_A,5,BUTLERS_LANE,FOUR_OAKS,1.01,3,0.5
CROSS_CITY_LINE_A,6,FOUR_OAKS,SUTTON_COLDFIELD,1.32,3,0.5
CROSS_CITY_LINE_A,7,SUTTON_COLDFIELD,WYLDE_GREEN,1.35,3,0.5
CROSS_CITY_LINE_A,8,WYLDE_GREEN,CHESTER_ROAD,0.62,2,0.5
CROSS_CITY_LINE_A,9,CHESTER_ROAD,ERDINGTON,0.66,2.25,0.5
CROSS_CITY_LINE_A,10,ERDINGTON,GRAVELLY_HILL,1.13,2.25,0.5
CROSS_CITY_LINE_A,11,GRAVELLY_HILL,ASTON,1.23,3,0.5
CROSS_CITY_LINE_A,12,ASTON,DUDDESTON,2.36,3.25,0.5
CROSS_CITY_LINE_A,13,DUDDESTON,BIRMINGHAM_NEW_STREET,1.39,5.25,0.5
CROSS_CITY_LINE_A,14,BIRMINGHAM_NEW_STREET,FIVE_WAYS,0.94,3.75,0.5
CROSS_CITY_LINE_A,15,FIVE_WAYS,UNIVERSITY,1.75,3.5,0.5
CROSS_CITY_LINE_A,16,UNIVERSITY,SELLY_OAK,0.57,2.5,0.5
CROSS_CITY_LINE_A,17,SELLY_OAK,BOURNVILLE,1.28,3,0.5
CROSS_CITY_LINE_A,18,BOURNVILLE,KINGS_NORTON,1.06,2,0.5
CROSS_CITY_LINE_A,19,KINGS_NORTON,NORTHFIELD,1.33,3.5,0.5
CROSS_CITY_LINE_A,20,NORTHFIELD,LONGBRIDGE,1,2.75,0.5
CROSS_CITY_LINE_A,21,LONGBRIDGE,BARNT_GREEN,2.75,4.5,0.5
CROSS_CITY_LINE_A,22,BARNT_GREEN,BROMSGROVE,3.58,5,0.5
CROSS_CITY_LINE_B,1,BROMSGROVE,BARNT_GREEN,3.58,5,0.5
CROSS_CITY_LINE_B,2,BARNT_GREEN,LONGBRIDGE,2.75,4.5,0.5
CROSS_CITY_LINE_B,3,LONGBRIDGE,NORTHFIELD,1,2.75,0.5
CROSS_CITY_LINE_B,4,NORTHFIELD,KINGS_NORTON,1.33,3.5,0.5
CROSS_CITY_LINE_B,5,KINGS_NORTON,BOURNVILLE,1.06,2,0.5
CROSS_CITY_LINE_B,6,BOURNVILLE,SELLY_OAK,1.28,3,0.5
CROSS_CITY_LINE_B,7,SELLY_OAK,UNIVERSITY,0.57,2.5,0.5
CROSS_CITY_LINE_B,8,UNIVERSITY,FIVE_WAYS,1.75,3.5,0.5
CROSS_CITY_LINE_B,9,FIVE_WAYS,BIRMINGHAM_NEW_STREET,0.94,3.75,0.5
CROSS_CITY_LINE_B,10,BIRMINGHAM_NEW_STREET,DUDDESTON,1.39,5.25,0.5
CROSS_CITY_LINE_B,11,DUDDESTON,ASTON,2.36,3.25,0.5
CROSS_CITY_LINE_B,12,ASTON,GRAVELLY_HILL,1.23,3,0.5
CROSS_CITY_LINE_B,13,GRAVELLY_HILL,ERDINGTON,1.13,2.25,0.5
CROSS_CITY_LINE_B,14,ERDINGTON,CHESTER_ROAD,0.66,2.25,0.5
CROSS_CITY_LINE_B,15,CHESTER_ROAD,WYLDE_GREEN,0.62,2,0.5
CROSS_CITY_LINE_B,16,WYLDE_GREEN,SUTTON_COLDFIELD,1.35,3,0.5
CROSS_CITY_LINE_B,17,SUTTON_COLDFIELD,FOUR_OAKS,1.32,3,0.5
CROSS_CITY_LINE_B,18,FOUR_OAKS,BUTLERS_LANE,1.01,3,0.5
CROSS_CITY_LINE_B,19,BUTLERS_LANE,BLAKE_STREET,0.89,2,0.5
CROSS_CITY_LINE_B,20,BLAKE_STREET,SHENSTONE,2.38,4,0.5
CROSS_CITY_LINE_B,21,SHENSTONE,LICHFIELD_CITY,3.03,5.75,0.5
CROSS_CITY_LINE_B,22,LICHFIELD_CITY,LICHFIELD_TRENT_VALLEY,1.15,2.75,0.5
REDDITCH_FOUR_OAKS,1,REDDITCH,ALVECHURCH,3.2,4.75,0.5
REDDITCH_FOUR_OAKS,2,ALVECHURCH,BARNT_GREEN,1.53,4.25,0.5
REDDITCH_FOUR_OAKS,3,BARNT_GREEN,LONGBRIDGE,2.75,4.75,0.5
REDDITCH_FOUR_OAKS,4,LONGBRIDGE,NORTHFIELD,1,2.5,0.5
REDDITCH_FOUR_OAKS,5,NORTHFIELD,KINGS_NORTON,1.53,3,0.5
REDDITCH_FOUR_OAKS,6,KINGS_NORTON,BOURNVILLE,1.06,2.25,0.5
REDDITCH_FOUR_OAKS,7,BOURNVILLE,SELLY_OAK,1.08,2.75,0.5
REDDITCH_FOUR_OAKS,8,SELLY_OAK,UNIVERSITY,0.57,2.5,0.5
REDDITCH_FOUR_OAKS,9,UNIVERSITY,FIVE_WAYS,1.75,3.75,0.5
REDDITCH_FOUR_OAKS,10,FIVE_WAYS,BIRMINGHAM_NEW_STREET,0.94,3.5,0.5
REDDITCH_FOUR_OAKS,11,BIRMINGHAM_NEW_STREET,DUDDESTON,1.59,4.25,0.5
REDDITCH_FOUR_OAKS,12,DUDDESTON,ASTON,2.16,3,0.5
REDDITCH_FOUR_OAKS,13,ASTON,GRAVELLY_HILL,1.23,3.25,0.5
REDDITCH_FOUR_OAKS,14,GRAVELLY_HILL,ERDINGTON,1.13,3,0.5
REDDITCH_FOUR_OAKS,15,ERDINGTON,CHESTER_ROAD,0.66,2.25,0.5
REDDITCH_FOUR_OAKS,16,CHESTER_ROAD,WYLDE_GREEN,0.82,2,0.5
REDDITCH_FOUR_OAKS,17,WYLDE_GREEN,SUTTON_COLDFIELD,1.15,3,0.5
REDDITCH_FOUR_OAKS,18,SUTTON_COLDFIELD,FOUR_OAKS,1.32,4,0.5
FOUR_OAKS_REDDITCH,1,FOUR_OAKS,SUTTON_COLDFIELD,1.32,3,0.5
FOUR_OAKS_REDDITCH,2,SUTTON_COLDFIELD,WYLDE_GREEN,1.15,3,0.5
FOUR_OAKS_REDDITCH,3,WYLDE_GREEN,CHESTER_ROAD,0.82,2,0.5
FOUR_OAKS_REDDITCH,4,CHESTER_ROAD,ERDINGTON,0.46,2,0.5
FOUR_OAKS_REDDITCH,5,ERDINGTON,GRAVELLY_HILL,1.33,3.25,0.5
FOUR_OAKS_REDDITCH,6,GRAVELLY_HILL,ASTON,1.23,3,0.5
FOUR_OAKS_REDDITCH,7,ASTON,DUDDESTON,2.16,3.25,0.5
FOUR_OAKS_REDDITCH,8,DUDDESTON,BIRMINGHAM_NEW_STREET,1.59,4.5,0.5
FOUR_OAKS_REDDITCH,9,BIRMINGHAM_NEW_STREET,FIVE_WAYS,0.94,3.5,0.5
FOUR_OAKS_REDDITCH,10,FIVE_WAYS,UNIVERSITY,1.55,3.25,0.5
FOUR_OAKS_REDDITCH,11,UNIVERSITY,SELLY_OAK,0.77,2.25,0.5
FOUR_OAKS_REDDITCH,12,SELLY_OAK,BOURNVILLE,1.08,2.25,0.5
FOUR_OAKS_REDDITCH,13,BOURNVILLE,KINGS_NORTON,1.06,3.25,0.5
FOUR_OAKS_REDDITCH,14,KINGS_NORTON,NORTHFIELD,1.33,3,0.5
FOUR_OAKS_REDDITCH,15,NORTHFIELD,LONGBRIDGE,1,2.5,0.5
FOUR_OAKS_REDDITCH,16,LONGBRIDGE,BARNT_GREEN,2.75,4.25,0.5
FOUR_OAKS_REDDITCH,17,BARNT_GREEN,ALVECHURCH,1.73,3.25,0.5
FOUR_OAKS_REDDITCH,18,ALVECHURCH,REDDITCH,3.2,5,0.5
RUGELEY_TRENT_VALLEY_BIRMINGHAM_INTERNATIONAL,1,RUGELEY_TRENT_VALLEY,RUGELEY_TOWN,1.25,3,0.5
RUGELEY_TRENT_VALLEY_BIRMINGHAM_INTERNATIONAL,2,RUGELEY_TOWN,HEDNESFORD,4.22,6.25,0.5
RUGELEY_TRENT_VALLEY_BIRMINGHAM_INTERNATIONAL,3,HEDNESFORD,CANNOCK,1.89,3.5,0.5
RUGELEY_TRENT_VALLEY_BIRMINGHAM_INTERNATIONAL,4,CANNOCK,LANDYWOOD,2.04,4,0.5
RUGELEY_TRENT_VALLEY_BIRMINGHAM_INTERNATIONAL,5,LANDYWOOD,BLOXWICH_NORTH,2.11,4,0.5
RUGELEY_TRENT_VALLEY_BIRMINGHAM_INTERNATIONAL,6,BLOXWICH_NORTH,BLOXWICH,0.69,2.25,0.5
RUGELEY_TRENT_VALLEY_BIRMINGHAM_INTERNATIONAL,7,BLOXWICH,WALSALL,3.02,6,0.5
RUGELEY_TRENT_VALLEY_BIRMINGHAM_INTERNATIONAL,8,WALSALL,TAME_BRIDGE_PARKWAY,2.92,6,0.5
RUGELEY_TRENT_VALLEY_BIRMINGHAM_INTERNATIONAL,9,TAME_BRIDGE_PARKWAY,BIRMINGHAM_NEW_STREET,12.2,16,0.5
RUGELEY_TRENT_VALLEY_BIRMINGHAM_INTERNATIONAL,10,BIRMINGHAM_NEW_STREET,ADDERLEY_PARK,1.94,4,0.5
RUGELEY_TRENT_VALLEY_BIRMINGHAM_INTERNATIONAL,11,ADDERLEY_PARK,STECHFORD,1.91,4,0.5
RUGELEY_TRENT_VALLEY_BIRMINGHAM_INTERNATIONAL,12,STECHFORD,LEA_HALL,1.08,3,0.5
RUGELEY_TRENT_VALLEY_BIRMINGHAM_INTERNATIONAL,13,LEA_HALL,MARSTON_GREEN,1.47,3.5,0.5
RUGELEY_TRENT_VALLEY_BIRMINGHAM_INTERNATIONAL,14,MARSTON_GREEN,BIRMINGHAM_INTERNATIONAL,1.78,3,0.5
BIRMINGHAM_INTERNATIONAL_RUGELEY_TRENT_VALLEY,1,BIRMINGHAM_INTERNATIONAL,MARSTON_GREEN,1.58,2.5,0.5
BIRMINGHAM_INTERNATIONAL_RUGELEY_TRENT_VALLEY,2,MARSTON_GREEN,LEA_HALL,1.67,2.5,0.5
BIRMINGHAM_INTERNATIONAL_RUGELEY_TRENT_VALLEY,3,LEA_HALL,STECHFORD,1.08,2,0.5
BIRMINGHAM_INTERNATIONAL_RUGELEY_TRENT_VALLEY,4,STECHFORD,ADDERLEY_PARK,1.91,3,0.5
BIRMINGHAM_INTERNATIONAL_RUGELEY_TRENT_VALLEY,5,ADDERLEY_PARK,BIRMINGHAM_NEW_STREET,1.94,5.5,0.5
BIRMINGHAM_INTERNATIONAL_RUGELEY_TRENT_VALLEY,6,BIRMINGHAM_NEW_STREET,TAME_BRIDGE_PARKWAY,8.2,14,0.5
BIRMINGHAM_INTERNATIONAL_RUGELEY_TRENT_VALLEY,7,TAME_BRIDGE_PARKWAY,WALSALL,2.92,8,0.5
BIRMINGHAM_INTERNATIONAL_RUGELEY_TRENT_VALLEY,8,WALSALL,BLOXWICH,3.02,5,0.5
BIRMINGHAM_INTERNATIONAL_RUGELEY_TRENT_VALLEY,9,BLOXWICH,BLOXWICH_NORTH,0.69,1.5,0.5
BIRMINGHAM_INTERNATIONAL_RUGELEY_TRENT_VALLEY,10,BLOXWICH_NORTH,LANDYWOOD,2.11,3,0.5
BIRMINGHAM_INTERNATIONAL_RUGELEY_TRENT_VALLEY,11,LANDYWOOD,CANNOCK,2.04,3,0.5
BIRMINGHAM_INTERNATIONAL_RUGELEY_TRENT_VALLEY,12,CANNOCK,HEDNESFORD,1.89,3,0.5
BIRMINGHAM_INTERNATIONAL_RUGELEY_TRENT_VALLEY,13,HEDNESFORD,RUGELEY_TOWN,4.22,5.5,0.5
BIRMINGHAM_INTERNATIONAL_RUGELEY_TRENT_VALLEY,14,RUGELEY_TOWN,RUGELEY_TRENT_VALLEY,1.25,4,0.5
NORTHAMPTON_BIRMINGHAM_NEW_STREET,1,TILE_HILL,BERKSWELL,1.73,3,0.5
NORTHAMPTON_BIRMINGHAM_NEW_STREET,2,BERKSWELL,HAMPTON-IN-ARDEN,3.43,4.25,0.5
NORTHAMPTON_BIRMINGHAM_NEW_STREET,3,HAMPTON-IN-ARDEN,BIRMINGHAM_INTERNATIONAL,1.94,3.25,0.5
NORTHAMPTON_BIRMINGHAM_NEW_STREET,4,BIRMINGHAM_INTERNATIONAL,BIRMINGHAM_NEW_STREET,8.18,15,0.5
BIRMINGHAM_NEW_STREET_NORTHAMPTON,1,BIRMINGHAM_NEW_STREET,BIRMINGHAM_INTERNATIONAL,8.18,15,0.5
BIRMINGHAM_NEW_STREET_NORTHAMPTON,2,BIRMINGHAM_INTERNATIONAL,HAMPTON-IN-ARDEN,1.94,3.25,0.5
BIRMINGHAM_NEW_STREET_NORTHAMPTON,3,HAMPTON-IN-ARDEN,BERKSWELL,3.43,4.25,0.5
BIRMINGHAM_NEW_STREET_NORTHAMPTON,4,BERKSWELL,TILE_HILL,1.73,3,0.5
BIRMINGHAM_NEW_STREET_BIRMINGHAM_INTERNATIONAL,1,BIRMINGHAM_NEW_STREET,STECHFORD,3.65,5.5,0.5
BIRMINGHAM_NEW_STREET_BIRMINGHAM_INTERNATIONAL,2,STECHFORD,LEA_HALL,1.08,1.75,0.5
BIRMINGHAM_NEW_STREET_BIRMINGHAM_INTERNATIONAL,3,LEA_HALL,MARSTON_GREEN,1.67,2.25,0.5
BIRMINGHAM_NEW_STREET_BIRMINGHAM_INTERNATIONAL,4,MARSTON_GREEN,BIRMINGHAM_INTERNATIONAL,1.78,2.75,0.5
BIRMINGHAM_INTERNATIONAL_BIRMIGHAM_NEW_STREET,1,BIRMINGHAM_INTERNATIONAL,MARSTON_GREEN,1.78,2.75,0.5
BIRMINGHAM_INTERNATIONAL_BIRMIGHAM_NEW_STREET,2,MARSTON_GREEN,LEA_HALL,1.67,2.25,0.5
BIRMINGHAM_INTERNATIONAL_BIRMIGHAM_NEW_STREET,3,LEA_HALL,STECHFORD,1.08,1.75,0.5
BIRMINGHAM_INTERNATIONAL_BIRMIGHAM_NEW_STREET,4,STECHFORD,BIRMINGHAM_NEW_STREET,3.65,5.5,0.5
WOLVERHAMPTON_WALSALL,1,WOLVERHAMPTON,COSELEY,3.29,5.25,0.5
WOLVERHAMPTON_WALSALL,2,COSELEY,TIPTON,1.3,3,0.5
WOLVERHAMPTON_WALSALL,3,TIPTON,DUDLEY_PORT,0.87,2.25,0.5
WOLVERHAMPTON_WALSALL,4,DUDLEY_PORT,SANDWELL_&_DUDLEY,2.01,4,0.5
WOLVERHAMPTON_WALSALL,5,SANDWELL_&_DUDLEY,SMETHWICK_GALTON_BRIDGE,1.23,3,0.5
WOLVERHAMPTON_WALSALL,6,SMETHWICK_GALTON_BRIDGE,SMETHWICK_ROLFE_STREET,0.75,1.75,0.5
WOLVERHAMPTON_WALSALL,7,SMETHWICK_ROLFE_STREET,BIRMINGHAM_NEW_STREET,3.25,6.5,0.5
WOLVERHAMPTON_WALSALL,8,BIRMINGHAM_NEW_STREET,DUDDESTON,1.59,3.75,0.5
WOLVERHAMPTON_WALSALL,9,DUDDESTON,ASTON,2.16,2.75,0.5
WOLVERHAMPTON_WALSALL,10,ASTON,WITTON,0.77,2.25,0.5
WOLVERHAMPTON_WALSALL,11,WITTON,PERRY_BARR,0.88,2.25,0.5
WOLVERHAMPTON_WALSALL,12,PERRY_BARR,HAMSTEAD,1.42,3,0.5
WOLVERHAMPTON_WALSALL,13,HAMSTEAD,TAME_BRIDGE_PARKWAY,2.72,4.25,0.5
WOLVERHAMPTON_WALSALL,14,TAME_BRIDGE_PARKWAY,BESCOT_STADIUM,0.99,2.25,0.5
WOLVERHAMPTON_WALSALL,15,BESCOT_STADIUM,WALSALL,1.93,3,0.5
WALSALL_WOLVERHAMPTON,1,WALSALL,BESCOT_STADIUM,1.93,3,0.5
WALSALL_WOLVERHAMPTON,2,BESCOT_STADIUM,TAME_BRIDGE_PARKWAY,0.99,2.25,0.5
WALSALL_WOLVERHAMPTON,3,TAME_BRIDGE_PARKWAY,HAMSTEAD,2.72,4.25,0.5
WALSALL_WOLVERHAMPTON,4,HAMSTEAD,PERRY_BARR,1.42,3,0.5
WALSALL_WOLVERHAMPTON,5,PERRY_BARR,WITTON,0.88,2.25,0.5
WALSALL_WOLVERHAMPTON,6,WITTON,ASTON,0.77,2.25,0.5
WALSALL_WOLVERHAMPTON,7,ASTON,DUDDESTON,2.16,2.75,0.5
WALSALL_WOLVERHAMPTON,8,DUDDESTON,BIRMINGHAM_NEW_STREET,1.59,3.75,0.5
WALSALL_WOLVERHAMPTON,9,BIRMINGHAM_NEW_STREET,SMETHWICK_ROLFE_STREET,3.25,6.5,0.5
WALSALL_WOLVERHAMPTON,10,SMETHWICK_ROLFE_STREET,SMETHWICK_GALTON_BRIDGE,0.75,1.75,0.5
WALSALL_WOLVERHAMPTON,11,SMETHWICK_GALTON_BRIDGE,SANDWELL_&_DUDLEY,1.23,3,0.5
WALSALL_WOLVERHAMPTON,12,SANDWELL_&_DUDLEY,DUDLEY_PORT,2.01,4,0.5
WALSALL_WOLVERHAMPTON,13,DUDLEY_PORT,TIPTON,0.87,2.25,0.5
WALSALL_WOLVERHAMPTON,14,TIPTON,COSELEY,1.3,3,0.5
WALSALL_WOLVERHAMPTON,15,COSELEY,WOLVERHAMPTON,3.29,5.25,0.5